variable_name,flag_type,count,percentage,n_perc,voc_name,variable_name_old,mw,category_1,category_2,category_2no,sort_in_category
benzene,nd,0,0,0 (0%),Benzene,benzene,78.11,BTEX,BTEX,1,1
benzene,lod,0,0,0 (0%),Benzene,benzene,78.11,BTEX,BTEX,1,1
benzene,reg,453,99.8,453 (99.8%),Benzene,benzene,78.11,BTEX,BTEX,1,1
benzene,ulod,1,0.2,1 (0.2%),Benzene,benzene,78.11,BTEX,BTEX,1,1
toluene,nd,1,0.2,1 (0.2%),Toluene,toluene,92.14,BTEX,BTEX,1,2
toluene,lod,0,0,0 (0%),Toluene,toluene,92.14,BTEX,BTEX,1,2
toluene,reg,449,98.9,449 (98.9%),Toluene,toluene,92.14,BTEX,BTEX,1,2
toluene,ulod,4,0.9,4 (0.9%),Toluene,toluene,92.14,BTEX,BTEX,1,2
ethylbenzene,nd,0,0,0 (0%),Ethylbenzene,etbenz,106.17,BTEX,BTEX,1,3
ethylbenzene,lod,0,0,0 (0%),Ethylbenzene,etbenz,106.17,BTEX,BTEX,1,3
ethylbenzene,reg,454,100,454 (100%),Ethylbenzene,etbenz,106.17,BTEX,BTEX,1,3
ethylbenzene,ulod,0,0,0 (0%),Ethylbenzene,etbenz,106.17,BTEX,BTEX,1,3
m_p_xylene_2,nd,0,0,0 (0%),(m+p)-Xylenes,mpxylene,106.16,BTEX,BTEX,1,4
m_p_xylene_2,lod,0,0,0 (0%),(m+p)-Xylenes,mpxylene,106.16,BTEX,BTEX,1,4
m_p_xylene_2,reg,452,99.6,452 (99.6%),(m+p)-Xylenes,mpxylene,106.16,BTEX,BTEX,1,4
m_p_xylene_2,ulod,2,0.4,2 (0.4%),(m+p)-Xylenes,mpxylene,106.16,BTEX,BTEX,1,4
o_xylene,nd,0,0,0 (0%),o-Xylene,oxylene,106.16,BTEX,BTEX,1,5
o_xylene,lod,7,1.5,7 (1.5%),o-Xylene,oxylene,106.16,BTEX,BTEX,1,5
o_xylene,reg,446,98.2,446 (98.2%),o-Xylene,oxylene,106.16,BTEX,BTEX,1,5
o_xylene,ulod,1,0.2,1 (0.2%),o-Xylene,oxylene,106.16,BTEX,BTEX,1,5
benzene_1_4_diethyl,nd,58,12.8,58 (12.8%),"1,4-Diethylbenzene",benzene_1_4_diethyl,134.221,Benzene Derivatives,Alkylbenzenes,2,1
benzene_1_4_diethyl,lod,248,54.6,248 (54.6%),"1,4-Diethylbenzene",benzene_1_4_diethyl,134.221,Benzene Derivatives,Alkylbenzenes,2,1
benzene_1_4_diethyl,reg,148,32.6,148 (32.6%),"1,4-Diethylbenzene",benzene_1_4_diethyl,134.221,Benzene Derivatives,Alkylbenzenes,2,1
benzene_1_4_diethyl,ulod,0,0,0 (0%),"1,4-Diethylbenzene",benzene_1_4_diethyl,134.221,Benzene Derivatives,Alkylbenzenes,2,1
benzene_1_2_3_trimethyl,nd,22,4.8,22 (4.8%),"1,2,3-Trimethylbenzene",benzene_1_2_3_trimethyl,120.194,Benzene Derivatives,Alkylbenzenes,2,2
benzene_1_2_3_trimethyl,lod,229,50.4,229 (50.4%),"1,2,3-Trimethylbenzene",benzene_1_2_3_trimethyl,120.194,Benzene Derivatives,Alkylbenzenes,2,2
benzene_1_2_3_trimethyl,reg,203,44.7,203 (44.7%),"1,2,3-Trimethylbenzene",benzene_1_2_3_trimethyl,120.194,Benzene Derivatives,Alkylbenzenes,2,2
benzene_1_2_3_trimethyl,ulod,0,0,0 (0%),"1,2,3-Trimethylbenzene",benzene_1_2_3_trimethyl,120.194,Benzene Derivatives,Alkylbenzenes,2,2
benzene_1_ethyl_2_methyl,nd,2,0.4,2 (0.4%),1-Ethyl-2-Methylbenzene,benz1ethyl2methyl,120.19,Benzene Derivatives,Alkylbenzenes,2,3
benzene_1_ethyl_2_methyl,lod,312,68.7,312 (68.7%),1-Ethyl-2-Methylbenzene,benz1ethyl2methyl,120.19,Benzene Derivatives,Alkylbenzenes,2,3
benzene_1_ethyl_2_methyl,reg,140,30.8,140 (30.8%),1-Ethyl-2-Methylbenzene,benz1ethyl2methyl,120.19,Benzene Derivatives,Alkylbenzenes,2,3
benzene_1_ethyl_2_methyl,ulod,0,0,0 (0%),1-Ethyl-2-Methylbenzene,benz1ethyl2methyl,120.19,Benzene Derivatives,Alkylbenzenes,2,3
benzene_1_ethyl_3_methyl,nd,4,0.9,4 (0.9%),1-Ethyl-3-Methylbenzene,benz1ethyl3methyl,120.19,Benzene Derivatives,Alkylbenzenes,2,4
benzene_1_ethyl_3_methyl,lod,77,17,77 (17%),1-Ethyl-3-Methylbenzene,benz1ethyl3methyl,120.19,Benzene Derivatives,Alkylbenzenes,2,4
benzene_1_ethyl_3_methyl,reg,371,81.7,371 (81.7%),1-Ethyl-3-Methylbenzene,benz1ethyl3methyl,120.19,Benzene Derivatives,Alkylbenzenes,2,4
benzene_1_ethyl_3_methyl,ulod,2,0.4,2 (0.4%),1-Ethyl-3-Methylbenzene,benz1ethyl3methyl,120.19,Benzene Derivatives,Alkylbenzenes,2,4
benzene_1_ethyl_4_methyl,nd,0,0,0 (0%),1-Ethyl-4-Methylbenzene,benz1ethyl4methyl,120.19,Benzene Derivatives,Alkylbenzenes,2,5
benzene_1_ethyl_4_methyl,lod,199,43.8,199 (43.8%),1-Ethyl-4-Methylbenzene,benz1ethyl4methyl,120.19,Benzene Derivatives,Alkylbenzenes,2,5
benzene_1_ethyl_4_methyl,reg,255,56.2,255 (56.2%),1-Ethyl-4-Methylbenzene,benz1ethyl4methyl,120.19,Benzene Derivatives,Alkylbenzenes,2,5
benzene_1_ethyl_4_methyl,ulod,0,0,0 (0%),1-Ethyl-4-Methylbenzene,benz1ethyl4methyl,120.19,Benzene Derivatives,Alkylbenzenes,2,5
benzene_propyl,nd,1,0.2,1 (0.2%),Propylbenzene,propylbenzene,120.19,Benzene Derivatives,Alkylbenzenes,2,6
benzene_propyl,lod,349,76.9,349 (76.9%),Propylbenzene,propylbenzene,120.19,Benzene Derivatives,Alkylbenzenes,2,6
benzene_propyl,reg,104,22.9,104 (22.9%),Propylbenzene,propylbenzene,120.19,Benzene Derivatives,Alkylbenzenes,2,6
benzene_propyl,ulod,0,0,0 (0%),Propylbenzene,propylbenzene,120.19,Benzene Derivatives,Alkylbenzenes,2,6
mesitylene,nd,0,0,0 (0%),Mesitylene,mesitylene,120.19,Benzene Derivatives,Alkylbenzenes,2,7
mesitylene,lod,5,1.1,5 (1.1%),Mesitylene,mesitylene,120.19,Benzene Derivatives,Alkylbenzenes,2,7
mesitylene,reg,449,98.9,449 (98.9%),Mesitylene,mesitylene,120.19,Benzene Derivatives,Alkylbenzenes,2,7
mesitylene,ulod,0,0,0 (0%),Mesitylene,mesitylene,120.19,Benzene Derivatives,Alkylbenzenes,2,7
n_hexane,nd,0,0,0 (0%),n-Hexane,hexane,86.18,Alkanes,C6-C9 Alkanes,3,1
n_hexane,lod,0,0,0 (0%),n-Hexane,hexane,86.18,Alkanes,C6-C9 Alkanes,3,1
n_hexane,reg,451,99.3,451 (99.3%),n-Hexane,hexane,86.18,Alkanes,C6-C9 Alkanes,3,1
n_hexane,ulod,3,0.7,3 (0.7%),n-Hexane,hexane,86.18,Alkanes,C6-C9 Alkanes,3,1
heptane,nd,1,0.2,1 (0.2%),Heptane,heptane,100.21,Alkanes,C6-C9 Alkanes,3,2
heptane,lod,0,0,0 (0%),Heptane,heptane,100.21,Alkanes,C6-C9 Alkanes,3,2
heptane,reg,451,99.3,451 (99.3%),Heptane,heptane,100.21,Alkanes,C6-C9 Alkanes,3,2
heptane,ulod,2,0.4,2 (0.4%),Heptane,heptane,100.21,Alkanes,C6-C9 Alkanes,3,2
octane,nd,4,0.9,4 (0.9%),Octane,octane,114.23,Alkanes,C6-C9 Alkanes,3,3
octane,lod,7,1.5,7 (1.5%),Octane,octane,114.23,Alkanes,C6-C9 Alkanes,3,3
octane,reg,441,97.1,441 (97.1%),Octane,octane,114.23,Alkanes,C6-C9 Alkanes,3,3
octane,ulod,2,0.4,2 (0.4%),Octane,octane,114.23,Alkanes,C6-C9 Alkanes,3,3
nonane,nd,26,5.7,26 (5.7%),Nonane,nonane,128.25,Alkanes,C6-C9 Alkanes,3,4
nonane,lod,12,2.6,12 (2.6%),Nonane,nonane,128.25,Alkanes,C6-C9 Alkanes,3,4
nonane,reg,414,91.2,414 (91.2%),Nonane,nonane,128.25,Alkanes,C6-C9 Alkanes,3,4
nonane,ulod,2,0.4,2 (0.4%),Nonane,nonane,128.25,Alkanes,C6-C9 Alkanes,3,4
decane,nd,3,0.7,3 (0.7%),Decane,decane,149.29,Alkanes,C10-C12 Alkanes,4,1
decane,lod,100,22,100 (22%),Decane,decane,149.29,Alkanes,C10-C12 Alkanes,4,1
decane,reg,350,77.1,350 (77.1%),Decane,decane,149.29,Alkanes,C10-C12 Alkanes,4,1
decane,ulod,1,0.2,1 (0.2%),Decane,decane,149.29,Alkanes,C10-C12 Alkanes,4,1
undecane,nd,8,1.8,8 (1.8%),Undecane,undecane,156.31,Alkanes,C10-C12 Alkanes,4,2
undecane,lod,219,48.2,219 (48.2%),Undecane,undecane,156.31,Alkanes,C10-C12 Alkanes,4,2
undecane,reg,227,50,227 (50%),Undecane,undecane,156.31,Alkanes,C10-C12 Alkanes,4,2
undecane,ulod,0,0,0 (0%),Undecane,undecane,156.31,Alkanes,C10-C12 Alkanes,4,2
dodecane,nd,5,1.1,5 (1.1%),Dodecane,dodecane,170.34,Alkanes,C10-C12 Alkanes,4,3
dodecane,lod,287,63.2,287 (63.2%),Dodecane,dodecane,170.34,Alkanes,C10-C12 Alkanes,4,3
dodecane,reg,162,35.7,162 (35.7%),Dodecane,dodecane,170.34,Alkanes,C10-C12 Alkanes,4,3
dodecane,ulod,0,0,0 (0%),Dodecane,dodecane,170.34,Alkanes,C10-C12 Alkanes,4,3
butane_2_methyl,nd,4,0.9,4 (0.9%),Isopentane,butane_2_methyl,72.151,Alkanes,Other Alkanes,5,1
butane_2_methyl,lod,0,0,0 (0%),Isopentane,butane_2_methyl,72.151,Alkanes,Other Alkanes,5,1
butane_2_methyl,reg,216,47.6,216 (47.6%),Isopentane,butane_2_methyl,72.151,Alkanes,Other Alkanes,5,1
butane_2_methyl,ulod,234,51.5,234 (51.5%),Isopentane,butane_2_methyl,72.151,Alkanes,Other Alkanes,5,1
pentane_2_methyl,nd,0,0,0 (0%),Isohexane,pentane_2_methyl,86.178,Alkanes,Other Alkanes,5,2
pentane_2_methyl,lod,0,0,0 (0%),Isohexane,pentane_2_methyl,86.178,Alkanes,Other Alkanes,5,2
pentane_2_methyl,reg,408,89.9,408 (89.9%),Isohexane,pentane_2_methyl,86.178,Alkanes,Other Alkanes,5,2
pentane_2_methyl,ulod,46,10.1,46 (10.1%),Isohexane,pentane_2_methyl,86.178,Alkanes,Other Alkanes,5,2
hexane_2_methyl,nd,0,0,0 (0%),2-Methylhexane,hexane2methyl,100.2,Alkanes,Other Alkanes,5,3
hexane_2_methyl,lod,13,2.9,13 (2.9%),2-Methylhexane,hexane2methyl,100.2,Alkanes,Other Alkanes,5,3
hexane_2_methyl,reg,435,95.8,435 (95.8%),2-Methylhexane,hexane2methyl,100.2,Alkanes,Other Alkanes,5,3
hexane_2_methyl,ulod,6,1.3,6 (1.3%),2-Methylhexane,hexane2methyl,100.2,Alkanes,Other Alkanes,5,3
hexane_3_methyl,nd,0,0,0 (0%),3-Methylhexane,hexane_3_methyl,100.205,Alkanes,Other Alkanes,5,4
hexane_3_methyl,lod,8,1.8,8 (1.8%),3-Methylhexane,hexane_3_methyl,100.205,Alkanes,Other Alkanes,5,4
hexane_3_methyl,reg,437,96.3,437 (96.3%),3-Methylhexane,hexane_3_methyl,100.205,Alkanes,Other Alkanes,5,4
hexane_3_methyl,ulod,9,2,9 (2%),3-Methylhexane,hexane_3_methyl,100.205,Alkanes,Other Alkanes,5,4
heptane_3_methyl,nd,0,0,0 (0%),3-Methylheptane,heptane3methyl,114.23,Alkanes,Other Alkanes,5,5
heptane_3_methyl,lod,73,16.1,73 (16.1%),3-Methylheptane,heptane3methyl,114.23,Alkanes,Other Alkanes,5,5
heptane_3_methyl,reg,377,83,377 (83%),3-Methylheptane,heptane3methyl,114.23,Alkanes,Other Alkanes,5,5
heptane_3_methyl,ulod,4,0.9,4 (0.9%),3-Methylheptane,heptane3methyl,114.23,Alkanes,Other Alkanes,5,5
pentane_3_methyl,nd,0,0,0 (0%),3-Methylpentane,pentane_3_methyl,86.178,Alkanes,Other Alkanes,5,6
pentane_3_methyl,lod,0,0,0 (0%),3-Methylpentane,pentane_3_methyl,86.178,Alkanes,Other Alkanes,5,6
pentane_3_methyl,reg,428,94.3,428 (94.3%),3-Methylpentane,pentane_3_methyl,86.178,Alkanes,Other Alkanes,5,6
pentane_3_methyl,ulod,26,5.7,26 (5.7%),3-Methylpentane,pentane_3_methyl,86.178,Alkanes,Other Alkanes,5,6
pentane_2_4_dimethyl,nd,5,1.1,5 (1.1%),"2,4-Dimethylpentane",pentane_2_4_dimethyl,100.205,Alkanes,Other Alkanes,5,7
pentane_2_4_dimethyl,lod,63,13.9,63 (13.9%),"2,4-Dimethylpentane",pentane_2_4_dimethyl,100.205,Alkanes,Other Alkanes,5,7
pentane_2_4_dimethyl,reg,381,83.9,381 (83.9%),"2,4-Dimethylpentane",pentane_2_4_dimethyl,100.205,Alkanes,Other Alkanes,5,7
pentane_2_4_dimethyl,ulod,5,1.1,5 (1.1%),"2,4-Dimethylpentane",pentane_2_4_dimethyl,100.205,Alkanes,Other Alkanes,5,7
pentane_2_3_4_trimethyl,nd,9,2,9 (2%),"2,3,4-Trimethylpentane",pentane_2_3_4_trimethyl,114.232,Alkanes,Other Alkanes,5,8
pentane_2_3_4_trimethyl,lod,91,20,91 (20%),"2,3,4-Trimethylpentane",pentane_2_3_4_trimethyl,114.232,Alkanes,Other Alkanes,5,8
pentane_2_3_4_trimethyl,reg,351,77.3,351 (77.3%),"2,3,4-Trimethylpentane",pentane_2_3_4_trimethyl,114.232,Alkanes,Other Alkanes,5,8
pentane_2_3_4_trimethyl,ulod,3,0.7,3 (0.7%),"2,3,4-Trimethylpentane",pentane_2_3_4_trimethyl,114.232,Alkanes,Other Alkanes,5,8
cyclohexane_methyl,nd,0,0,0 (0%),Methylcyclohexane,cyclohexane_methyl,98.189,Cyclohexanes,Other Alkanes,5,9
cyclohexane_methyl,lod,6,1.3,6 (1.3%),Methylcyclohexane,cyclohexane_methyl,98.189,Cyclohexanes,Other Alkanes,5,9
cyclohexane_methyl,reg,421,92.7,421 (92.7%),Methylcyclohexane,cyclohexane_methyl,98.189,Cyclohexanes,Other Alkanes,5,9
cyclohexane_methyl,ulod,27,5.9,27 (5.9%),Methylcyclohexane,cyclohexane_methyl,98.189,Cyclohexanes,Other Alkanes,5,9
x1_hexene,nd,53,11.7,53 (11.7%),1-Hexene,x1_hexene,84.162,Alkenes,Alkenes,6,1
x1_hexene,lod,15,3.3,15 (3.3%),1-Hexene,x1_hexene,84.162,Alkenes,Alkenes,6,1
x1_hexene,reg,386,85,386 (85%),1-Hexene,x1_hexene,84.162,Alkenes,Alkenes,6,1
x1_hexene,ulod,0,0,0 (0%),1-Hexene,x1_hexene,84.162,Alkenes,Alkenes,6,1
x2_pentene_z_cis,nd,85,18.7,85 (18.7%),cis-2-Pentene,x2_pentene_z_cis,70.1329,Alkenes,Alkenes,6,2
x2_pentene_z_cis,lod,144,31.7,144 (31.7%),cis-2-Pentene,x2_pentene_z_cis,70.1329,Alkenes,Alkenes,6,2
x2_pentene_z_cis,reg,225,49.6,225 (49.6%),cis-2-Pentene,x2_pentene_z_cis,70.1329,Alkenes,Alkenes,6,2
x2_pentene_z_cis,ulod,0,0,0 (0%),cis-2-Pentene,x2_pentene_z_cis,70.1329,Alkenes,Alkenes,6,2
x1_3_butadiene_2_methyl,nd,216,47.6,216 (47.6%),Isoprene,x1_3_butadiene_2_methyl,68.12,Alkenes,Alkenes,6,3
x1_3_butadiene_2_methyl,lod,48,10.6,48 (10.6%),Isoprene,x1_3_butadiene_2_methyl,68.12,Alkenes,Alkenes,6,3
x1_3_butadiene_2_methyl,reg,190,41.9,190 (41.9%),Isoprene,x1_3_butadiene_2_methyl,68.12,Alkenes,Alkenes,6,3
x1_3_butadiene_2_methyl,ulod,0,0,0 (0%),Isoprene,x1_3_butadiene_2_methyl,68.12,Alkenes,Alkenes,6,3
x2_hexanone,nd,432,95.2,432 (95.2%),2-Hexanone,x2_hexanone,100.161,Ketones,Ketones,7,1
x2_hexanone,lod,0,0,0 (0%),2-Hexanone,x2_hexanone,100.161,Ketones,Ketones,7,1
x2_hexanone,reg,22,4.8,22 (4.8%),2-Hexanone,x2_hexanone,100.161,Ketones,Ketones,7,1
x2_hexanone,ulod,0,0,0 (0%),2-Hexanone,x2_hexanone,100.161,Ketones,Ketones,7,1
methyl_isobutyl_ketone,nd,266,58.6,266 (58.6%),Methyl isobutyl ketone,methyl_isobutyl_ketone,100.16,Ketones,Ketones,7,2
methyl_isobutyl_ketone,lod,0,0,0 (0%),Methyl isobutyl ketone,methyl_isobutyl_ketone,100.16,Ketones,Ketones,7,2
methyl_isobutyl_ketone,reg,188,41.4,188 (41.4%),Methyl isobutyl ketone,methyl_isobutyl_ketone,100.16,Ketones,Ketones,7,2
methyl_isobutyl_ketone,ulod,0,0,0 (0%),Methyl isobutyl ketone,methyl_isobutyl_ketone,100.16,Ketones,Ketones,7,2
trichloromethane,nd,9,2,9 (2%),Chloroform,trichloromethane,119.37,Chlorinated Compounds,Chlorinated Compounds,8,1
trichloromethane,lod,0,0,0 (0%),Chloroform,trichloromethane,119.37,Chlorinated Compounds,Chlorinated Compounds,8,1
trichloromethane,reg,445,98,445 (98%),Chloroform,trichloromethane,119.37,Chlorinated Compounds,Chlorinated Compounds,8,1
trichloromethane,ulod,0,0,0 (0%),Chloroform,trichloromethane,119.37,Chlorinated Compounds,Chlorinated Compounds,8,1
carbon_tetrachloride,nd,4,0.9,4 (0.9%),Carbon tetrachloride,carbon_tetrachloride,153.81,Chlorinated Compounds,Chlorinated Compounds,8,2
carbon_tetrachloride,lod,1,0.2,1 (0.2%),Carbon tetrachloride,carbon_tetrachloride,153.81,Chlorinated Compounds,Chlorinated Compounds,8,2
carbon_tetrachloride,reg,449,98.9,449 (98.9%),Carbon tetrachloride,carbon_tetrachloride,153.81,Chlorinated Compounds,Chlorinated Compounds,8,2
carbon_tetrachloride,ulod,0,0,0 (0%),Carbon tetrachloride,carbon_tetrachloride,153.81,Chlorinated Compounds,Chlorinated Compounds,8,2
tetrachloroethylene,nd,3,0.7,3 (0.7%),Tetrachloroethylene,tce,165.83,Chlorinated Compounds,Chlorinated Compounds,8,3
tetrachloroethylene,lod,0,0,0 (0%),Tetrachloroethylene,tce,165.83,Chlorinated Compounds,Chlorinated Compounds,8,3
tetrachloroethylene,reg,451,99.3,451 (99.3%),Tetrachloroethylene,tce,165.83,Chlorinated Compounds,Chlorinated Compounds,8,3
tetrachloroethylene,ulod,0,0,0 (0%),Tetrachloroethylene,tce,165.83,Chlorinated Compounds,Chlorinated Compounds,8,3
trichloromonofluoromethane,nd,2,0.4,2 (0.4%),Trichlorofluoromethane,trichlorofluoromethane,137.37,Chlorinated Compounds,Chlorinated Compounds,8,4
trichloromonofluoromethane,lod,0,0,0 (0%),Trichlorofluoromethane,trichlorofluoromethane,137.37,Chlorinated Compounds,Chlorinated Compounds,8,4
trichloromonofluoromethane,reg,452,99.6,452 (99.6%),Trichlorofluoromethane,trichlorofluoromethane,137.37,Chlorinated Compounds,Chlorinated Compounds,8,4
trichloromonofluoromethane,ulod,0,0,0 (0%),Trichlorofluoromethane,trichlorofluoromethane,137.37,Chlorinated Compounds,Chlorinated Compounds,8,4
benzene_1_2_dichloro,nd,20,4.4,20 (4.4%),"1,2-dichlorobenzene",benz12chloro,147.01,Benzene Derivatives,Chlorinated Compounds,8,5
benzene_1_2_dichloro,lod,254,55.9,254 (55.9%),"1,2-dichlorobenzene",benz12chloro,147.01,Benzene Derivatives,Chlorinated Compounds,8,5
benzene_1_2_dichloro,reg,180,39.6,180 (39.6%),"1,2-dichlorobenzene",benz12chloro,147.01,Benzene Derivatives,Chlorinated Compounds,8,5
benzene_1_2_dichloro,ulod,0,0,0 (0%),"1,2-dichlorobenzene",benz12chloro,147.01,Benzene Derivatives,Chlorinated Compounds,8,5
