"site","site_type","site_id","variable_name","summary","voc_name","mw","category_1","category_2","category_2no","sort_in_category"
"Bartram’s Garden","stationary",1,"benzene","0.91 [0.55]","Benzene",78.11,"BTEX","BTEX",1,1
"Bartram’s Garden","stationary",1,"toluene","1.36 [0.93]","Toluene",92.14,"BTEX","BTEX",1,2
"Bartram’s Garden","stationary",1,"etbenz","0.33 [0.20]","Ethylbenzene",106.17,"BTEX","BTEX",1,3
"Bartram’s Garden","stationary",1,"mpxylene","2.12 [1.35]","(m+p)-Xylenes",106.16,"BTEX","BTEX",1,4
"Bartram’s Garden","stationary",1,"oxylene","0.48 [0.28]","o-Xylene",106.16,"BTEX","BTEX",1,5
"Bartram’s Garden","stationary",1,"xylenes","2.58 [1.74]","Total Xylenes",106.16,"BTEX","BTEX",1,6
"Bartram’s Garden","stationary",1,"benzene_1_4_diethyl","0.06 [0.04]","1,4-Diethylbenzene",134.221,"Benzene Derivatives","Alkylbenzenes",2,1
"Bartram’s Garden","stationary",1,"benzene_1_2_3_trimethyl","0.11 [0.04]","1,2,3-Trimethylbenzene",120.194,"Benzene Derivatives","Alkylbenzenes",2,2
"Bartram’s Garden","stationary",1,"benz1ethyl2methyl","0.08 [0.03]","1-Ethyl-2-Methylbenzene",120.19,"Benzene Derivatives","Alkylbenzenes",2,3
"Bartram’s Garden","stationary",1,"benz1ethyl3methyl","0.21 [0.11]","1-Ethyl-3-Methylbenzene",120.19,"Benzene Derivatives","Alkylbenzenes",2,4
"Bartram’s Garden","stationary",1,"benz1ethyl4methyl","0.10 [0.06]","1-Ethyl-4-Methylbenzene",120.19,"Benzene Derivatives","Alkylbenzenes",2,5
"Bartram’s Garden","stationary",1,"propylbenzene","0.09 [0.06]","Propylbenzene",120.19,"Benzene Derivatives","Alkylbenzenes",2,6
"Bartram’s Garden","stationary",1,"mesitylene","0.24 [0.12]","Mesitylene",120.19,"Benzene Derivatives","Alkylbenzenes",2,7
"Bartram’s Garden","stationary",1,"hexane","0.70 [0.62]","n-Hexane",86.18,"Alkanes","C6-C9 Alkanes",3,1
"Bartram’s Garden","stationary",1,"heptane","0.48 [0.31]","Heptane",100.21,"Alkanes","C6-C9 Alkanes",3,2
"Bartram’s Garden","stationary",1,"octane","0.20 [0.13]","Octane",114.23,"Alkanes","C6-C9 Alkanes",3,3
"Bartram’s Garden","stationary",1,"nonane","0.26 [0.39]","Nonane",128.25,"Alkanes","C6-C9 Alkanes",3,4
"Bartram’s Garden","stationary",1,"decane","0.29 [0.17]","Decane",149.29,"Alkanes","C10-C12 Alkanes",4,1
"Bartram’s Garden","stationary",1,"undecane","0.32 [0.20]","Undecane",156.31,"Alkanes","C10-C12 Alkanes",4,2
"Bartram’s Garden","stationary",1,"dodecane","0.15 [0.08]","Dodecane",170.34,"Alkanes","C10-C12 Alkanes",4,3
"Bartram’s Garden","stationary",1,"butane_2_methyl","0.29 [0.26]","Isopentane",72.151,"Alkanes","Other Alkanes",5,1
"Bartram’s Garden","stationary",1,"pentane_2_methyl","3.50 [2.74]","Isohexane",86.178,"Alkanes","Other Alkanes",5,2
"Bartram’s Garden","stationary",1,"hexane2methyl","0.41 [0.31]","2-Methylhexane",100.2,"Alkanes","Other Alkanes",5,3
"Bartram’s Garden","stationary",1,"hexane_3_methyl","0.89 [0.74]","3-Methylhexane",100.205,"Alkanes","Other Alkanes",5,4
"Bartram’s Garden","stationary",1,"heptane3methyl","0.32 [0.25]","3-Methylheptane",114.23,"Alkanes","Other Alkanes",5,5
"Bartram’s Garden","stationary",1,"pentane_3_methyl","1.22 [0.99]","3-Methylpentane",86.178,"Alkanes","Other Alkanes",5,6
"Bartram’s Garden","stationary",1,"pentane_2_4_dimethyl","0.20 [0.12]","2,4-Dimethylpentane",100.205,"Alkanes","Other Alkanes",5,7
"Bartram’s Garden","stationary",1,"pentane_2_3_4_trimethyl","0.22 [0.15]","2,3,4-Trimethylpentane",114.232,"Alkanes","Other Alkanes",5,8
"Bartram’s Garden","stationary",1,"cyclohexane_methyl","0.78 [0.49]","Methylcyclohexane",98.189,"Cyclohexanes","Other Alkanes",5,9
"Bartram’s Garden","stationary",1,"x1_hexene","0.13 [0.13]","1-Hexene",84.162,"Alkenes","Alkenes",6,1
"Bartram’s Garden","stationary",1,"x2_pentene_z_cis","0.02 [0.04]","cis-2-Pentene",70.1329,"Alkenes","Alkenes",6,2
"Bartram’s Garden","stationary",1,"x1_3_butadiene_2_methyl","0.01 [0.23]","Isoprene",68.12,"Alkenes","Alkenes",6,3
"Bartram’s Garden","stationary",1,"x2_hexanone","0.01 [0.00]","2-Hexanone",100.161,"Ketones","Ketones",7,1
"Bartram’s Garden","stationary",1,"methyl_isobutyl_ketone","0.00 [0.00]","Methyl isobutyl ketone",100.16,"Ketones","Ketones",7,2
"Bartram’s Garden","stationary",1,"trichloromethane","0.17 [0.04]","Chloroform",119.37,"Chlorinated Compounds","Chlorinated Compounds",8,1
"Bartram’s Garden","stationary",1,"carbon_tetrachloride","1.77 [0.83]","Carbon tetrachloride",153.81,"Chlorinated Compounds","Chlorinated Compounds",8,2
"Bartram’s Garden","stationary",1,"tce","0.12 [0.06]","Tetrachloroethylene",165.83,"Chlorinated Compounds","Chlorinated Compounds",8,3
"Bartram’s Garden","stationary",1,"trichlorofluoromethane","0.53 [0.60]","Trichlorofluoromethane",137.37,"Chlorinated Compounds","Chlorinated Compounds",8,4
"Bartram’s Garden","stationary",1,"benz12chloro","0.14 [0.14]","1,2-dichlorobenzene",147.01,"Benzene Derivatives","Chlorinated Compounds",8,5
"Essington & Mingo","stationary",2,"benzene","1.07 [0.64]","Benzene",78.11,"BTEX","BTEX",1,1
"Essington & Mingo","stationary",2,"toluene","1.80 [1.19]","Toluene",92.14,"BTEX","BTEX",1,2
"Essington & Mingo","stationary",2,"etbenz","0.44 [0.24]","Ethylbenzene",106.17,"BTEX","BTEX",1,3
"Essington & Mingo","stationary",2,"mpxylene","3.14 [1.38]","(m+p)-Xylenes",106.16,"BTEX","BTEX",1,4
"Essington & Mingo","stationary",2,"oxylene","0.65 [0.30]","o-Xylene",106.16,"BTEX","BTEX",1,5
"Essington & Mingo","stationary",2,"xylenes","3.80 [1.68]","Total Xylenes",106.16,"BTEX","BTEX",1,6
"Essington & Mingo","stationary",2,"benzene_1_4_diethyl","0.07 [0.05]","1,4-Diethylbenzene",134.221,"Benzene Derivatives","Alkylbenzenes",2,1
"Essington & Mingo","stationary",2,"benzene_1_2_3_trimethyl","0.11 [0.04]","1,2,3-Trimethylbenzene",120.194,"Benzene Derivatives","Alkylbenzenes",2,2
"Essington & Mingo","stationary",2,"benz1ethyl2methyl","0.10 [0.05]","1-Ethyl-2-Methylbenzene",120.19,"Benzene Derivatives","Alkylbenzenes",2,3
"Essington & Mingo","stationary",2,"benz1ethyl3methyl","0.24 [0.13]","1-Ethyl-3-Methylbenzene",120.19,"Benzene Derivatives","Alkylbenzenes",2,4
"Essington & Mingo","stationary",2,"benz1ethyl4methyl","0.11 [0.05]","1-Ethyl-4-Methylbenzene",120.19,"Benzene Derivatives","Alkylbenzenes",2,5
"Essington & Mingo","stationary",2,"propylbenzene","0.12 [0.06]","Propylbenzene",120.19,"Benzene Derivatives","Alkylbenzenes",2,6
"Essington & Mingo","stationary",2,"mesitylene","0.25 [0.09]","Mesitylene",120.19,"Benzene Derivatives","Alkylbenzenes",2,7
"Essington & Mingo","stationary",2,"hexane","0.80 [0.69]","n-Hexane",86.18,"Alkanes","C6-C9 Alkanes",3,1
"Essington & Mingo","stationary",2,"heptane","0.60 [0.38]","Heptane",100.21,"Alkanes","C6-C9 Alkanes",3,2
"Essington & Mingo","stationary",2,"octane","0.24 [0.18]","Octane",114.23,"Alkanes","C6-C9 Alkanes",3,3
"Essington & Mingo","stationary",2,"nonane","0.32 [0.34]","Nonane",128.25,"Alkanes","C6-C9 Alkanes",3,4
"Essington & Mingo","stationary",2,"decane","0.27 [0.16]","Decane",149.29,"Alkanes","C10-C12 Alkanes",4,1
"Essington & Mingo","stationary",2,"undecane","0.38 [0.22]","Undecane",156.31,"Alkanes","C10-C12 Alkanes",4,2
"Essington & Mingo","stationary",2,"dodecane","0.18 [0.12]","Dodecane",170.34,"Alkanes","C10-C12 Alkanes",4,3
"Essington & Mingo","stationary",2,"butane_2_methyl","0.41 [0.33]","Isopentane",72.151,"Alkanes","Other Alkanes",5,1
"Essington & Mingo","stationary",2,"pentane_2_methyl","5.05 [4.14]","Isohexane",86.178,"Alkanes","Other Alkanes",5,2
"Essington & Mingo","stationary",2,"hexane2methyl","0.57 [0.39]","2-Methylhexane",100.2,"Alkanes","Other Alkanes",5,3
"Essington & Mingo","stationary",2,"hexane_3_methyl","1.27 [0.83]","3-Methylhexane",100.205,"Alkanes","Other Alkanes",5,4
"Essington & Mingo","stationary",2,"heptane3methyl","0.38 [0.23]","3-Methylheptane",114.23,"Alkanes","Other Alkanes",5,5
"Essington & Mingo","stationary",2,"pentane_3_methyl","1.71 [1.64]","3-Methylpentane",86.178,"Alkanes","Other Alkanes",5,6
"Essington & Mingo","stationary",2,"pentane_2_4_dimethyl","0.27 [0.13]","2,4-Dimethylpentane",100.205,"Alkanes","Other Alkanes",5,7
"Essington & Mingo","stationary",2,"pentane_2_3_4_trimethyl","0.26 [0.18]","2,3,4-Trimethylpentane",114.232,"Alkanes","Other Alkanes",5,8
"Essington & Mingo","stationary",2,"cyclohexane_methyl","0.88 [0.57]","Methylcyclohexane",98.189,"Cyclohexanes","Other Alkanes",5,9
"Essington & Mingo","stationary",2,"x1_hexene","0.18 [0.15]","1-Hexene",84.162,"Alkenes","Alkenes",6,1
"Essington & Mingo","stationary",2,"x2_pentene_z_cis","0.03 [0.06]","cis-2-Pentene",70.1329,"Alkenes","Alkenes",6,2
"Essington & Mingo","stationary",2,"x1_3_butadiene_2_methyl","0.01 [0.08]","Isoprene",68.12,"Alkenes","Alkenes",6,3
"Essington & Mingo","stationary",2,"x2_hexanone","0.01 [0.00]","2-Hexanone",100.161,"Ketones","Ketones",7,1
"Essington & Mingo","stationary",2,"methyl_isobutyl_ketone","0.02 [0.05]","Methyl isobutyl ketone",100.16,"Ketones","Ketones",7,2
"Essington & Mingo","stationary",2,"trichloromethane","0.14 [0.05]","Chloroform",119.37,"Chlorinated Compounds","Chlorinated Compounds",8,1
"Essington & Mingo","stationary",2,"carbon_tetrachloride","1.73 [0.87]","Carbon tetrachloride",153.81,"Chlorinated Compounds","Chlorinated Compounds",8,2
"Essington & Mingo","stationary",2,"tce","0.14 [0.12]","Tetrachloroethylene",165.83,"Chlorinated Compounds","Chlorinated Compounds",8,3
"Essington & Mingo","stationary",2,"trichlorofluoromethane","0.62 [0.63]","Trichlorofluoromethane",137.37,"Chlorinated Compounds","Chlorinated Compounds",8,4
"Essington & Mingo","stationary",2,"benz12chloro","0.07 [0.06]","1,2-dichlorobenzene",147.01,"Benzene Derivatives","Chlorinated Compounds",8,5
"61st & Passyunk","stationary",3,"benzene","1.34 [0.93]","Benzene",78.11,"BTEX","BTEX",1,1
"61st & Passyunk","stationary",3,"toluene","2.96 [2.58]","Toluene",92.14,"BTEX","BTEX",1,2
"61st & Passyunk","stationary",3,"etbenz","0.77 [0.62]","Ethylbenzene",106.17,"BTEX","BTEX",1,3
"61st & Passyunk","stationary",3,"mpxylene","5.28 [4.78]","(m+p)-Xylenes",106.16,"BTEX","BTEX",1,4
"61st & Passyunk","stationary",3,"oxylene","1.17 [0.82]","o-Xylene",106.16,"BTEX","BTEX",1,5
"61st & Passyunk","stationary",3,"xylenes","6.54 [5.64]","Total Xylenes",106.16,"BTEX","BTEX",1,6
"61st & Passyunk","stationary",3,"benzene_1_4_diethyl","0.15 [0.10]","1,4-Diethylbenzene",134.221,"Benzene Derivatives","Alkylbenzenes",2,1
"61st & Passyunk","stationary",3,"benzene_1_2_3_trimethyl","0.26 [0.13]","1,2,3-Trimethylbenzene",120.194,"Benzene Derivatives","Alkylbenzenes",2,2
"61st & Passyunk","stationary",3,"benz1ethyl2methyl","0.20 [0.10]","1-Ethyl-2-Methylbenzene",120.19,"Benzene Derivatives","Alkylbenzenes",2,3
"61st & Passyunk","stationary",3,"benz1ethyl3methyl","0.55 [0.34]","1-Ethyl-3-Methylbenzene",120.19,"Benzene Derivatives","Alkylbenzenes",2,4
"61st & Passyunk","stationary",3,"benz1ethyl4methyl","0.24 [0.16]","1-Ethyl-4-Methylbenzene",120.19,"Benzene Derivatives","Alkylbenzenes",2,5
"61st & Passyunk","stationary",3,"propylbenzene","0.26 [0.17]","Propylbenzene",120.19,"Benzene Derivatives","Alkylbenzenes",2,6
"61st & Passyunk","stationary",3,"mesitylene","0.58 [0.33]","Mesitylene",120.19,"Benzene Derivatives","Alkylbenzenes",2,7
"61st & Passyunk","stationary",3,"hexane","1.50 [2.01]","n-Hexane",86.18,"Alkanes","C6-C9 Alkanes",3,1
"61st & Passyunk","stationary",3,"heptane","1.16 [1.06]","Heptane",100.21,"Alkanes","C6-C9 Alkanes",3,2
"61st & Passyunk","stationary",3,"octane","0.45 [0.29]","Octane",114.23,"Alkanes","C6-C9 Alkanes",3,3
"61st & Passyunk","stationary",3,"nonane","0.53 [0.53]","Nonane",128.25,"Alkanes","C6-C9 Alkanes",3,4
"61st & Passyunk","stationary",3,"decane","0.46 [0.23]","Decane",149.29,"Alkanes","C10-C12 Alkanes",4,1
"61st & Passyunk","stationary",3,"undecane","0.54 [0.17]","Undecane",156.31,"Alkanes","C10-C12 Alkanes",4,2
"61st & Passyunk","stationary",3,"dodecane","0.26 [0.12]","Dodecane",170.34,"Alkanes","C10-C12 Alkanes",4,3
"61st & Passyunk","stationary",3,"butane_2_methyl","0.43 [0.29]","Isopentane",72.151,"Alkanes","Other Alkanes",5,1
"61st & Passyunk","stationary",3,"pentane_2_methyl","8.23 [7.88]","Isohexane",86.178,"Alkanes","Other Alkanes",5,2
"61st & Passyunk","stationary",3,"hexane2methyl","1.11 [0.98]","2-Methylhexane",100.2,"Alkanes","Other Alkanes",5,3
"61st & Passyunk","stationary",3,"hexane_3_methyl","2.42 [2.12]","3-Methylhexane",100.205,"Alkanes","Other Alkanes",5,4
"61st & Passyunk","stationary",3,"heptane3methyl","0.99 [0.72]","3-Methylheptane",114.23,"Alkanes","Other Alkanes",5,5
"61st & Passyunk","stationary",3,"pentane_3_methyl","2.80 [3.08]","3-Methylpentane",86.178,"Alkanes","Other Alkanes",5,6
"61st & Passyunk","stationary",3,"pentane_2_4_dimethyl","0.46 [0.33]","2,4-Dimethylpentane",100.205,"Alkanes","Other Alkanes",5,7
"61st & Passyunk","stationary",3,"pentane_2_3_4_trimethyl","0.64 [0.47]","2,3,4-Trimethylpentane",114.232,"Alkanes","Other Alkanes",5,8
"61st & Passyunk","stationary",3,"cyclohexane_methyl","2.10 [1.60]","Methylcyclohexane",98.189,"Cyclohexanes","Other Alkanes",5,9
"61st & Passyunk","stationary",3,"x1_hexene","0.28 [0.29]","1-Hexene",84.162,"Alkenes","Alkenes",6,1
"61st & Passyunk","stationary",3,"x2_pentene_z_cis","0.07 [0.10]","cis-2-Pentene",70.1329,"Alkenes","Alkenes",6,2
"61st & Passyunk","stationary",3,"x1_3_butadiene_2_methyl","0.04 [0.08]","Isoprene",68.12,"Alkenes","Alkenes",6,3
"61st & Passyunk","stationary",3,"x2_hexanone","0.01 [0.00]","2-Hexanone",100.161,"Ketones","Ketones",7,1
"61st & Passyunk","stationary",3,"methyl_isobutyl_ketone","0.04 [0.05]","Methyl isobutyl ketone",100.16,"Ketones","Ketones",7,2
"61st & Passyunk","stationary",3,"trichloromethane","0.16 [0.05]","Chloroform",119.37,"Chlorinated Compounds","Chlorinated Compounds",8,1
"61st & Passyunk","stationary",3,"carbon_tetrachloride","1.75 [0.87]","Carbon tetrachloride",153.81,"Chlorinated Compounds","Chlorinated Compounds",8,2
"61st & Passyunk","stationary",3,"tce","0.12 [0.09]","Tetrachloroethylene",165.83,"Chlorinated Compounds","Chlorinated Compounds",8,3
"61st & Passyunk","stationary",3,"trichlorofluoromethane","0.67 [0.63]","Trichlorofluoromethane",137.37,"Chlorinated Compounds","Chlorinated Compounds",8,4
"61st & Passyunk","stationary",3,"benz12chloro","0.08 [0.07]","1,2-dichlorobenzene",147.01,"Benzene Derivatives","Chlorinated Compounds",8,5
"28th & Passyunk","stationary",4,"benzene","1.50 [1.06]","Benzene",78.11,"BTEX","BTEX",1,1
"28th & Passyunk","stationary",4,"toluene","2.43 [2.31]","Toluene",92.14,"BTEX","BTEX",1,2
"28th & Passyunk","stationary",4,"etbenz","0.77 [1.14]","Ethylbenzene",106.17,"BTEX","BTEX",1,3
"28th & Passyunk","stationary",4,"mpxylene","5.40 [8.42]","(m+p)-Xylenes",106.16,"BTEX","BTEX",1,4
"28th & Passyunk","stationary",4,"oxylene","1.19 [1.90]","o-Xylene",106.16,"BTEX","BTEX",1,5
"28th & Passyunk","stationary",4,"xylenes","6.59 [10.08]","Total Xylenes",106.16,"BTEX","BTEX",1,6
"28th & Passyunk","stationary",4,"benzene_1_4_diethyl","0.31 [0.56]","1,4-Diethylbenzene",134.221,"Benzene Derivatives","Alkylbenzenes",2,1
"28th & Passyunk","stationary",4,"benzene_1_2_3_trimethyl","0.34 [0.51]","1,2,3-Trimethylbenzene",120.194,"Benzene Derivatives","Alkylbenzenes",2,2
"28th & Passyunk","stationary",4,"benz1ethyl2methyl","0.28 [0.40]","1-Ethyl-2-Methylbenzene",120.19,"Benzene Derivatives","Alkylbenzenes",2,3
"28th & Passyunk","stationary",4,"benz1ethyl3methyl","0.65 [1.10]","1-Ethyl-3-Methylbenzene",120.19,"Benzene Derivatives","Alkylbenzenes",2,4
"28th & Passyunk","stationary",4,"benz1ethyl4methyl","0.31 [0.55]","1-Ethyl-4-Methylbenzene",120.19,"Benzene Derivatives","Alkylbenzenes",2,5
"28th & Passyunk","stationary",4,"propylbenzene","0.36 [0.68]","Propylbenzene",120.19,"Benzene Derivatives","Alkylbenzenes",2,6
"28th & Passyunk","stationary",4,"mesitylene","1.07 [1.62]","Mesitylene",120.19,"Benzene Derivatives","Alkylbenzenes",2,7
"28th & Passyunk","stationary",4,"hexane","2.27 [2.70]","n-Hexane",86.18,"Alkanes","C6-C9 Alkanes",3,1
"28th & Passyunk","stationary",4,"heptane","1.85 [2.36]","Heptane",100.21,"Alkanes","C6-C9 Alkanes",3,2
"28th & Passyunk","stationary",4,"octane","0.72 [0.89]","Octane",114.23,"Alkanes","C6-C9 Alkanes",3,3
"28th & Passyunk","stationary",4,"nonane","0.99 [1.13]","Nonane",128.25,"Alkanes","C6-C9 Alkanes",3,4
"28th & Passyunk","stationary",4,"decane","1.13 [1.06]","Decane",149.29,"Alkanes","C10-C12 Alkanes",4,1
"28th & Passyunk","stationary",4,"undecane","1.58 [1.26]","Undecane",156.31,"Alkanes","C10-C12 Alkanes",4,2
"28th & Passyunk","stationary",4,"dodecane","0.85 [0.79]","Dodecane",170.34,"Alkanes","C10-C12 Alkanes",4,3
"28th & Passyunk","stationary",4,"butane_2_methyl","0.60 [0.21]","Isopentane",72.151,"Alkanes","Other Alkanes",5,1
"28th & Passyunk","stationary",4,"pentane_2_methyl","13.21 [8.43]","Isohexane",86.178,"Alkanes","Other Alkanes",5,2
"28th & Passyunk","stationary",4,"hexane2methyl","1.95 [2.70]","2-Methylhexane",100.2,"Alkanes","Other Alkanes",5,3
"28th & Passyunk","stationary",4,"hexane_3_methyl","4.74 [6.66]","3-Methylhexane",100.205,"Alkanes","Other Alkanes",5,4
"28th & Passyunk","stationary",4,"heptane3methyl","2.37 [4.22]","3-Methylheptane",114.23,"Alkanes","Other Alkanes",5,5
"28th & Passyunk","stationary",4,"pentane_3_methyl","5.51 [3.46]","3-Methylpentane",86.178,"Alkanes","Other Alkanes",5,6
"28th & Passyunk","stationary",4,"pentane_2_4_dimethyl","0.89 [1.17]","2,4-Dimethylpentane",100.205,"Alkanes","Other Alkanes",5,7
"28th & Passyunk","stationary",4,"pentane_2_3_4_trimethyl","1.05 [1.76]","2,3,4-Trimethylpentane",114.232,"Alkanes","Other Alkanes",5,8
"28th & Passyunk","stationary",4,"cyclohexane_methyl","6.21 [3.99]","Methylcyclohexane",98.189,"Cyclohexanes","Other Alkanes",5,9
"28th & Passyunk","stationary",4,"x1_hexene","0.35 [0.50]","1-Hexene",84.162,"Alkenes","Alkenes",6,1
"28th & Passyunk","stationary",4,"x2_pentene_z_cis","0.06 [0.09]","cis-2-Pentene",70.1329,"Alkenes","Alkenes",6,2
"28th & Passyunk","stationary",4,"x1_3_butadiene_2_methyl","0.01 [0.07]","Isoprene",68.12,"Alkenes","Alkenes",6,3
"28th & Passyunk","stationary",4,"x2_hexanone","0.01 [0.00]","2-Hexanone",100.161,"Ketones","Ketones",7,1
"28th & Passyunk","stationary",4,"methyl_isobutyl_ketone","0.00 [0.03]","Methyl isobutyl ketone",100.16,"Ketones","Ketones",7,2
"28th & Passyunk","stationary",4,"trichloromethane","0.15 [0.06]","Chloroform",119.37,"Chlorinated Compounds","Chlorinated Compounds",8,1
"28th & Passyunk","stationary",4,"carbon_tetrachloride","1.62 [0.98]","Carbon tetrachloride",153.81,"Chlorinated Compounds","Chlorinated Compounds",8,2
"28th & Passyunk","stationary",4,"tce","0.11 [0.08]","Tetrachloroethylene",165.83,"Chlorinated Compounds","Chlorinated Compounds",8,3
"28th & Passyunk","stationary",4,"trichlorofluoromethane","0.61 [0.54]","Trichlorofluoromethane",137.37,"Chlorinated Compounds","Chlorinated Compounds",8,4
"28th & Passyunk","stationary",4,"benz12chloro","0.06 [0.05]","1,2-dichlorobenzene",147.01,"Benzene Derivatives","Chlorinated Compounds",8,5
"28th & Point Breeze","stationary",5,"benzene","1.12 [0.85]","Benzene",78.11,"BTEX","BTEX",1,1
"28th & Point Breeze","stationary",5,"toluene","1.80 [1.28]","Toluene",92.14,"BTEX","BTEX",1,2
"28th & Point Breeze","stationary",5,"etbenz","0.48 [0.32]","Ethylbenzene",106.17,"BTEX","BTEX",1,3
"28th & Point Breeze","stationary",5,"mpxylene","3.21 [2.30]","(m+p)-Xylenes",106.16,"BTEX","BTEX",1,4
"28th & Point Breeze","stationary",5,"oxylene","0.69 [0.40]","o-Xylene",106.16,"BTEX","BTEX",1,5
"28th & Point Breeze","stationary",5,"xylenes","3.87 [2.69]","Total Xylenes",106.16,"BTEX","BTEX",1,6
"28th & Point Breeze","stationary",5,"benzene_1_4_diethyl","0.12 [0.10]","1,4-Diethylbenzene",134.221,"Benzene Derivatives","Alkylbenzenes",2,1
"28th & Point Breeze","stationary",5,"benzene_1_2_3_trimethyl","0.17 [0.07]","1,2,3-Trimethylbenzene",120.194,"Benzene Derivatives","Alkylbenzenes",2,2
"28th & Point Breeze","stationary",5,"benz1ethyl2methyl","0.13 [0.07]","1-Ethyl-2-Methylbenzene",120.19,"Benzene Derivatives","Alkylbenzenes",2,3
"28th & Point Breeze","stationary",5,"benz1ethyl3methyl","0.34 [0.19]","1-Ethyl-3-Methylbenzene",120.19,"Benzene Derivatives","Alkylbenzenes",2,4
"28th & Point Breeze","stationary",5,"benz1ethyl4methyl","0.15 [0.07]","1-Ethyl-4-Methylbenzene",120.19,"Benzene Derivatives","Alkylbenzenes",2,5
"28th & Point Breeze","stationary",5,"propylbenzene","0.18 [0.09]","Propylbenzene",120.19,"Benzene Derivatives","Alkylbenzenes",2,6
"28th & Point Breeze","stationary",5,"mesitylene","0.41 [0.22]","Mesitylene",120.19,"Benzene Derivatives","Alkylbenzenes",2,7
"28th & Point Breeze","stationary",5,"hexane","0.92 [1.06]","n-Hexane",86.18,"Alkanes","C6-C9 Alkanes",3,1
"28th & Point Breeze","stationary",5,"heptane","0.79 [0.53]","Heptane",100.21,"Alkanes","C6-C9 Alkanes",3,2
"28th & Point Breeze","stationary",5,"octane","0.36 [0.37]","Octane",114.23,"Alkanes","C6-C9 Alkanes",3,3
"28th & Point Breeze","stationary",5,"nonane","0.50 [0.59]","Nonane",128.25,"Alkanes","C6-C9 Alkanes",3,4
"28th & Point Breeze","stationary",5,"decane","0.46 [0.28]","Decane",149.29,"Alkanes","C10-C12 Alkanes",4,1
"28th & Point Breeze","stationary",5,"undecane","0.59 [0.32]","Undecane",156.31,"Alkanes","C10-C12 Alkanes",4,2
"28th & Point Breeze","stationary",5,"dodecane","0.31 [0.18]","Dodecane",170.34,"Alkanes","C10-C12 Alkanes",4,3
"28th & Point Breeze","stationary",5,"butane_2_methyl","0.42 [0.32]","Isopentane",72.151,"Alkanes","Other Alkanes",5,1
"28th & Point Breeze","stationary",5,"pentane_2_methyl","5.25 [4.80]","Isohexane",86.178,"Alkanes","Other Alkanes",5,2
"28th & Point Breeze","stationary",5,"hexane2methyl","0.63 [0.54]","2-Methylhexane",100.2,"Alkanes","Other Alkanes",5,3
"28th & Point Breeze","stationary",5,"hexane_3_methyl","1.52 [1.16]","3-Methylhexane",100.205,"Alkanes","Other Alkanes",5,4
"28th & Point Breeze","stationary",5,"heptane3methyl","0.74 [0.41]","3-Methylheptane",114.23,"Alkanes","Other Alkanes",5,5
"28th & Point Breeze","stationary",5,"pentane_3_methyl","1.92 [1.62]","3-Methylpentane",86.178,"Alkanes","Other Alkanes",5,6
"28th & Point Breeze","stationary",5,"pentane_2_4_dimethyl","0.34 [0.18]","2,4-Dimethylpentane",100.205,"Alkanes","Other Alkanes",5,7
"28th & Point Breeze","stationary",5,"pentane_2_3_4_trimethyl","0.52 [0.30]","2,3,4-Trimethylpentane",114.232,"Alkanes","Other Alkanes",5,8
"28th & Point Breeze","stationary",5,"cyclohexane_methyl","1.82 [0.88]","Methylcyclohexane",98.189,"Cyclohexanes","Other Alkanes",5,9
"28th & Point Breeze","stationary",5,"x1_hexene","0.20 [0.18]","1-Hexene",84.162,"Alkenes","Alkenes",6,1
"28th & Point Breeze","stationary",5,"x2_pentene_z_cis","0.04 [0.05]","cis-2-Pentene",70.1329,"Alkenes","Alkenes",6,2
"28th & Point Breeze","stationary",5,"x1_3_butadiene_2_methyl","0.02 [0.08]","Isoprene",68.12,"Alkenes","Alkenes",6,3
"28th & Point Breeze","stationary",5,"x2_hexanone","0.01 [0.00]","2-Hexanone",100.161,"Ketones","Ketones",7,1
"28th & Point Breeze","stationary",5,"methyl_isobutyl_ketone","0.00 [0.04]","Methyl isobutyl ketone",100.16,"Ketones","Ketones",7,2
"28th & Point Breeze","stationary",5,"trichloromethane","0.18 [0.08]","Chloroform",119.37,"Chlorinated Compounds","Chlorinated Compounds",8,1
"28th & Point Breeze","stationary",5,"carbon_tetrachloride","1.73 [0.81]","Carbon tetrachloride",153.81,"Chlorinated Compounds","Chlorinated Compounds",8,2
"28th & Point Breeze","stationary",5,"tce","0.12 [0.07]","Tetrachloroethylene",165.83,"Chlorinated Compounds","Chlorinated Compounds",8,3
"28th & Point Breeze","stationary",5,"trichlorofluoromethane","0.58 [0.65]","Trichlorofluoromethane",137.37,"Chlorinated Compounds","Chlorinated Compounds",8,4
"28th & Point Breeze","stationary",5,"benz12chloro","0.12 [0.07]","1,2-dichlorobenzene",147.01,"Benzene Derivatives","Chlorinated Compounds",8,5
"25th & Point Breeze","stationary",6,"benzene","1.05 [0.83]","Benzene",78.11,"BTEX","BTEX",1,1
"25th & Point Breeze","stationary",6,"toluene","2.10 [1.46]","Toluene",92.14,"BTEX","BTEX",1,2
"25th & Point Breeze","stationary",6,"etbenz","0.47 [0.31]","Ethylbenzene",106.17,"BTEX","BTEX",1,3
"25th & Point Breeze","stationary",6,"mpxylene","3.42 [2.09]","(m+p)-Xylenes",106.16,"BTEX","BTEX",1,4
"25th & Point Breeze","stationary",6,"oxylene","0.71 [0.39]","o-Xylene",106.16,"BTEX","BTEX",1,5
"25th & Point Breeze","stationary",6,"xylenes","4.11 [2.47]","Total Xylenes",106.16,"BTEX","BTEX",1,6
"25th & Point Breeze","stationary",6,"benzene_1_4_diethyl","0.10 [0.07]","1,4-Diethylbenzene",134.221,"Benzene Derivatives","Alkylbenzenes",2,1
"25th & Point Breeze","stationary",6,"benzene_1_2_3_trimethyl","0.15 [0.08]","1,2,3-Trimethylbenzene",120.194,"Benzene Derivatives","Alkylbenzenes",2,2
"25th & Point Breeze","stationary",6,"benz1ethyl2methyl","0.12 [0.06]","1-Ethyl-2-Methylbenzene",120.19,"Benzene Derivatives","Alkylbenzenes",2,3
"25th & Point Breeze","stationary",6,"benz1ethyl3methyl","0.29 [0.19]","1-Ethyl-3-Methylbenzene",120.19,"Benzene Derivatives","Alkylbenzenes",2,4
"25th & Point Breeze","stationary",6,"benz1ethyl4methyl","0.13 [0.07]","1-Ethyl-4-Methylbenzene",120.19,"Benzene Derivatives","Alkylbenzenes",2,5
"25th & Point Breeze","stationary",6,"propylbenzene","0.15 [0.11]","Propylbenzene",120.19,"Benzene Derivatives","Alkylbenzenes",2,6
"25th & Point Breeze","stationary",6,"mesitylene","0.36 [0.23]","Mesitylene",120.19,"Benzene Derivatives","Alkylbenzenes",2,7
"25th & Point Breeze","stationary",6,"hexane","0.83 [0.80]","n-Hexane",86.18,"Alkanes","C6-C9 Alkanes",3,1
"25th & Point Breeze","stationary",6,"heptane","0.71 [0.54]","Heptane",100.21,"Alkanes","C6-C9 Alkanes",3,2
"25th & Point Breeze","stationary",6,"octane","0.31 [0.22]","Octane",114.23,"Alkanes","C6-C9 Alkanes",3,3
"25th & Point Breeze","stationary",6,"nonane","0.45 [0.40]","Nonane",128.25,"Alkanes","C6-C9 Alkanes",3,4
"25th & Point Breeze","stationary",6,"decane","0.39 [0.25]","Decane",149.29,"Alkanes","C10-C12 Alkanes",4,1
"25th & Point Breeze","stationary",6,"undecane","0.43 [0.27]","Undecane",156.31,"Alkanes","C10-C12 Alkanes",4,2
"25th & Point Breeze","stationary",6,"dodecane","0.19 [0.15]","Dodecane",170.34,"Alkanes","C10-C12 Alkanes",4,3
"25th & Point Breeze","stationary",6,"butane_2_methyl","0.39 [0.29]","Isopentane",72.151,"Alkanes","Other Alkanes",5,1
"25th & Point Breeze","stationary",6,"pentane_2_methyl","4.22 [4.60]","Isohexane",86.178,"Alkanes","Other Alkanes",5,2
"25th & Point Breeze","stationary",6,"hexane2methyl","0.70 [0.70]","2-Methylhexane",100.2,"Alkanes","Other Alkanes",5,3
"25th & Point Breeze","stationary",6,"hexane_3_methyl","1.63 [1.53]","3-Methylhexane",100.205,"Alkanes","Other Alkanes",5,4
"25th & Point Breeze","stationary",6,"heptane3methyl","0.59 [0.37]","3-Methylheptane",114.23,"Alkanes","Other Alkanes",5,5
"25th & Point Breeze","stationary",6,"pentane_3_methyl","1.44 [1.33]","3-Methylpentane",86.178,"Alkanes","Other Alkanes",5,6
"25th & Point Breeze","stationary",6,"pentane_2_4_dimethyl","0.27 [0.16]","2,4-Dimethylpentane",100.205,"Alkanes","Other Alkanes",5,7
"25th & Point Breeze","stationary",6,"pentane_2_3_4_trimethyl","0.37 [0.23]","2,3,4-Trimethylpentane",114.232,"Alkanes","Other Alkanes",5,8
"25th & Point Breeze","stationary",6,"cyclohexane_methyl","1.33 [0.76]","Methylcyclohexane",98.189,"Cyclohexanes","Other Alkanes",5,9
"25th & Point Breeze","stationary",6,"x1_hexene","0.15 [0.15]","1-Hexene",84.162,"Alkenes","Alkenes",6,1
"25th & Point Breeze","stationary",6,"x2_pentene_z_cis","0.03 [0.04]","cis-2-Pentene",70.1329,"Alkenes","Alkenes",6,2
"25th & Point Breeze","stationary",6,"x1_3_butadiene_2_methyl","0.03 [0.12]","Isoprene",68.12,"Alkenes","Alkenes",6,3
"25th & Point Breeze","stationary",6,"x2_hexanone","0.01 [0.00]","2-Hexanone",100.161,"Ketones","Ketones",7,1
"25th & Point Breeze","stationary",6,"methyl_isobutyl_ketone","0.00 [0.03]","Methyl isobutyl ketone",100.16,"Ketones","Ketones",7,2
"25th & Point Breeze","stationary",6,"trichloromethane","0.15 [0.05]","Chloroform",119.37,"Chlorinated Compounds","Chlorinated Compounds",8,1
"25th & Point Breeze","stationary",6,"carbon_tetrachloride","1.78 [0.84]","Carbon tetrachloride",153.81,"Chlorinated Compounds","Chlorinated Compounds",8,2
"25th & Point Breeze","stationary",6,"tce","0.12 [0.12]","Tetrachloroethylene",165.83,"Chlorinated Compounds","Chlorinated Compounds",8,3
"25th & Point Breeze","stationary",6,"trichlorofluoromethane","0.62 [0.59]","Trichlorofluoromethane",137.37,"Chlorinated Compounds","Chlorinated Compounds",8,4
"25th & Point Breeze","stationary",6,"benz12chloro","0.12 [0.05]","1,2-dichlorobenzene",147.01,"Benzene Derivatives","Chlorinated Compounds",8,5
"Morris & Point Breeze","stationary",7,"benzene","1.22 [0.71]","Benzene",78.11,"BTEX","BTEX",1,1
"Morris & Point Breeze","stationary",7,"toluene","1.71 [1.11]","Toluene",92.14,"BTEX","BTEX",1,2
"Morris & Point Breeze","stationary",7,"etbenz","0.47 [0.24]","Ethylbenzene",106.17,"BTEX","BTEX",1,3
"Morris & Point Breeze","stationary",7,"mpxylene","3.09 [1.79]","(m+p)-Xylenes",106.16,"BTEX","BTEX",1,4
"Morris & Point Breeze","stationary",7,"oxylene","0.69 [0.35]","o-Xylene",106.16,"BTEX","BTEX",1,5
"Morris & Point Breeze","stationary",7,"xylenes","3.83 [2.27]","Total Xylenes",106.16,"BTEX","BTEX",1,6
"Morris & Point Breeze","stationary",7,"benzene_1_4_diethyl","0.12 [0.06]","1,4-Diethylbenzene",134.221,"Benzene Derivatives","Alkylbenzenes",2,1
"Morris & Point Breeze","stationary",7,"benzene_1_2_3_trimethyl","0.16 [0.07]","1,2,3-Trimethylbenzene",120.194,"Benzene Derivatives","Alkylbenzenes",2,2
"Morris & Point Breeze","stationary",7,"benz1ethyl2methyl","0.12 [0.05]","1-Ethyl-2-Methylbenzene",120.19,"Benzene Derivatives","Alkylbenzenes",2,3
"Morris & Point Breeze","stationary",7,"benz1ethyl3methyl","0.31 [0.17]","1-Ethyl-3-Methylbenzene",120.19,"Benzene Derivatives","Alkylbenzenes",2,4
"Morris & Point Breeze","stationary",7,"benz1ethyl4methyl","0.14 [0.07]","1-Ethyl-4-Methylbenzene",120.19,"Benzene Derivatives","Alkylbenzenes",2,5
"Morris & Point Breeze","stationary",7,"propylbenzene","0.15 [0.09]","Propylbenzene",120.19,"Benzene Derivatives","Alkylbenzenes",2,6
"Morris & Point Breeze","stationary",7,"mesitylene","0.36 [0.18]","Mesitylene",120.19,"Benzene Derivatives","Alkylbenzenes",2,7
"Morris & Point Breeze","stationary",7,"hexane","0.74 [0.76]","n-Hexane",86.18,"Alkanes","C6-C9 Alkanes",3,1
"Morris & Point Breeze","stationary",7,"heptane","0.62 [0.44]","Heptane",100.21,"Alkanes","C6-C9 Alkanes",3,2
"Morris & Point Breeze","stationary",7,"octane","0.31 [0.17]","Octane",114.23,"Alkanes","C6-C9 Alkanes",3,3
"Morris & Point Breeze","stationary",7,"nonane","0.42 [0.45]","Nonane",128.25,"Alkanes","C6-C9 Alkanes",3,4
"Morris & Point Breeze","stationary",7,"decane","0.51 [0.22]","Decane",149.29,"Alkanes","C10-C12 Alkanes",4,1
"Morris & Point Breeze","stationary",7,"undecane","0.74 [0.44]","Undecane",156.31,"Alkanes","C10-C12 Alkanes",4,2
"Morris & Point Breeze","stationary",7,"dodecane","0.44 [0.39]","Dodecane",170.34,"Alkanes","C10-C12 Alkanes",4,3
"Morris & Point Breeze","stationary",7,"butane_2_methyl","0.41 [0.29]","Isopentane",72.151,"Alkanes","Other Alkanes",5,1
"Morris & Point Breeze","stationary",7,"pentane_2_methyl","3.97 [3.91]","Isohexane",86.178,"Alkanes","Other Alkanes",5,2
"Morris & Point Breeze","stationary",7,"hexane2methyl","0.49 [0.46]","2-Methylhexane",100.2,"Alkanes","Other Alkanes",5,3
"Morris & Point Breeze","stationary",7,"hexane_3_methyl","1.13 [0.99]","3-Methylhexane",100.205,"Alkanes","Other Alkanes",5,4
"Morris & Point Breeze","stationary",7,"heptane3methyl","0.45 [0.39]","3-Methylheptane",114.23,"Alkanes","Other Alkanes",5,5
"Morris & Point Breeze","stationary",7,"pentane_3_methyl","1.40 [1.40]","3-Methylpentane",86.178,"Alkanes","Other Alkanes",5,6
"Morris & Point Breeze","stationary",7,"pentane_2_4_dimethyl","0.25 [0.14]","2,4-Dimethylpentane",100.205,"Alkanes","Other Alkanes",5,7
"Morris & Point Breeze","stationary",7,"pentane_2_3_4_trimethyl","0.31 [0.21]","2,3,4-Trimethylpentane",114.232,"Alkanes","Other Alkanes",5,8
"Morris & Point Breeze","stationary",7,"cyclohexane_methyl","1.04 [0.80]","Methylcyclohexane",98.189,"Cyclohexanes","Other Alkanes",5,9
"Morris & Point Breeze","stationary",7,"x1_hexene","0.15 [0.14]","1-Hexene",84.162,"Alkenes","Alkenes",6,1
"Morris & Point Breeze","stationary",7,"x2_pentene_z_cis","0.04 [0.04]","cis-2-Pentene",70.1329,"Alkenes","Alkenes",6,2
"Morris & Point Breeze","stationary",7,"x1_3_butadiene_2_methyl","0.05 [0.09]","Isoprene",68.12,"Alkenes","Alkenes",6,3
"Morris & Point Breeze","stationary",7,"x2_hexanone","0.01 [0.00]","2-Hexanone",100.161,"Ketones","Ketones",7,1
"Morris & Point Breeze","stationary",7,"methyl_isobutyl_ketone","0.00 [0.04]","Methyl isobutyl ketone",100.16,"Ketones","Ketones",7,2
"Morris & Point Breeze","stationary",7,"trichloromethane","0.16 [0.07]","Chloroform",119.37,"Chlorinated Compounds","Chlorinated Compounds",8,1
"Morris & Point Breeze","stationary",7,"carbon_tetrachloride","1.72 [0.79]","Carbon tetrachloride",153.81,"Chlorinated Compounds","Chlorinated Compounds",8,2
"Morris & Point Breeze","stationary",7,"tce","0.12 [0.06]","Tetrachloroethylene",165.83,"Chlorinated Compounds","Chlorinated Compounds",8,3
"Morris & Point Breeze","stationary",7,"trichlorofluoromethane","0.62 [0.57]","Trichlorofluoromethane",137.37,"Chlorinated Compounds","Chlorinated Compounds",8,4
"Morris & Point Breeze","stationary",7,"benz12chloro","0.22 [0.11]","1,2-dichlorobenzene",147.01,"Benzene Derivatives","Chlorinated Compounds",8,5
"24th & Ritner","stationary",8,"benzene","1.25 [0.86]","Benzene",78.11,"BTEX","BTEX",1,1
"24th & Ritner","stationary",8,"toluene","1.89 [1.06]","Toluene",92.14,"BTEX","BTEX",1,2
"24th & Ritner","stationary",8,"etbenz","0.52 [0.26]","Ethylbenzene",106.17,"BTEX","BTEX",1,3
"24th & Ritner","stationary",8,"mpxylene","3.39 [2.27]","(m+p)-Xylenes",106.16,"BTEX","BTEX",1,4
"24th & Ritner","stationary",8,"oxylene","0.72 [0.42]","o-Xylene",106.16,"BTEX","BTEX",1,5
"24th & Ritner","stationary",8,"xylenes","4.10 [2.73]","Total Xylenes",106.16,"BTEX","BTEX",1,6
"24th & Ritner","stationary",8,"benzene_1_4_diethyl","0.12 [0.08]","1,4-Diethylbenzene",134.221,"Benzene Derivatives","Alkylbenzenes",2,1
"24th & Ritner","stationary",8,"benzene_1_2_3_trimethyl","0.19 [0.10]","1,2,3-Trimethylbenzene",120.194,"Benzene Derivatives","Alkylbenzenes",2,2
"24th & Ritner","stationary",8,"benz1ethyl2methyl","0.14 [0.08]","1-Ethyl-2-Methylbenzene",120.19,"Benzene Derivatives","Alkylbenzenes",2,3
"24th & Ritner","stationary",8,"benz1ethyl3methyl","0.33 [0.21]","1-Ethyl-3-Methylbenzene",120.19,"Benzene Derivatives","Alkylbenzenes",2,4
"24th & Ritner","stationary",8,"benz1ethyl4methyl","0.15 [0.07]","1-Ethyl-4-Methylbenzene",120.19,"Benzene Derivatives","Alkylbenzenes",2,5
"24th & Ritner","stationary",8,"propylbenzene","0.18 [0.09]","Propylbenzene",120.19,"Benzene Derivatives","Alkylbenzenes",2,6
"24th & Ritner","stationary",8,"mesitylene","0.42 [0.25]","Mesitylene",120.19,"Benzene Derivatives","Alkylbenzenes",2,7
"24th & Ritner","stationary",8,"hexane","0.94 [1.06]","n-Hexane",86.18,"Alkanes","C6-C9 Alkanes",3,1
"24th & Ritner","stationary",8,"heptane","0.77 [0.59]","Heptane",100.21,"Alkanes","C6-C9 Alkanes",3,2
"24th & Ritner","stationary",8,"octane","0.40 [0.29]","Octane",114.23,"Alkanes","C6-C9 Alkanes",3,3
"24th & Ritner","stationary",8,"nonane","0.64 [0.54]","Nonane",128.25,"Alkanes","C6-C9 Alkanes",3,4
"24th & Ritner","stationary",8,"decane","0.49 [0.42]","Decane",149.29,"Alkanes","C10-C12 Alkanes",4,1
"24th & Ritner","stationary",8,"undecane","0.60 [0.49]","Undecane",156.31,"Alkanes","C10-C12 Alkanes",4,2
"24th & Ritner","stationary",8,"dodecane","0.24 [0.30]","Dodecane",170.34,"Alkanes","C10-C12 Alkanes",4,3
"24th & Ritner","stationary",8,"butane_2_methyl","0.42 [0.34]","Isopentane",72.151,"Alkanes","Other Alkanes",5,1
"24th & Ritner","stationary",8,"pentane_2_methyl","5.35 [5.70]","Isohexane",86.178,"Alkanes","Other Alkanes",5,2
"24th & Ritner","stationary",8,"hexane2methyl","0.64 [0.58]","2-Methylhexane",100.2,"Alkanes","Other Alkanes",5,3
"24th & Ritner","stationary",8,"hexane_3_methyl","1.58 [1.26]","3-Methylhexane",100.205,"Alkanes","Other Alkanes",5,4
"24th & Ritner","stationary",8,"heptane3methyl","0.71 [0.48]","3-Methylheptane",114.23,"Alkanes","Other Alkanes",5,5
"24th & Ritner","stationary",8,"pentane_3_methyl","1.82 [1.92]","3-Methylpentane",86.178,"Alkanes","Other Alkanes",5,6
"24th & Ritner","stationary",8,"pentane_2_4_dimethyl","0.35 [0.28]","2,4-Dimethylpentane",100.205,"Alkanes","Other Alkanes",5,7
"24th & Ritner","stationary",8,"pentane_2_3_4_trimethyl","0.45 [0.36]","2,3,4-Trimethylpentane",114.232,"Alkanes","Other Alkanes",5,8
"24th & Ritner","stationary",8,"cyclohexane_methyl","1.73 [1.49]","Methylcyclohexane",98.189,"Cyclohexanes","Other Alkanes",5,9
"24th & Ritner","stationary",8,"x1_hexene","0.17 [0.13]","1-Hexene",84.162,"Alkenes","Alkenes",6,1
"24th & Ritner","stationary",8,"x2_pentene_z_cis","0.04 [0.05]","cis-2-Pentene",70.1329,"Alkenes","Alkenes",6,2
"24th & Ritner","stationary",8,"x1_3_butadiene_2_methyl","0.03 [0.09]","Isoprene",68.12,"Alkenes","Alkenes",6,3
"24th & Ritner","stationary",8,"x2_hexanone","0.01 [0.00]","2-Hexanone",100.161,"Ketones","Ketones",7,1
"24th & Ritner","stationary",8,"methyl_isobutyl_ketone","0.02 [0.04]","Methyl isobutyl ketone",100.16,"Ketones","Ketones",7,2
"24th & Ritner","stationary",8,"trichloromethane","0.18 [0.09]","Chloroform",119.37,"Chlorinated Compounds","Chlorinated Compounds",8,1
"24th & Ritner","stationary",8,"carbon_tetrachloride","1.72 [0.81]","Carbon tetrachloride",153.81,"Chlorinated Compounds","Chlorinated Compounds",8,2
"24th & Ritner","stationary",8,"tce","0.09 [0.07]","Tetrachloroethylene",165.83,"Chlorinated Compounds","Chlorinated Compounds",8,3
"24th & Ritner","stationary",8,"trichlorofluoromethane","0.60 [0.58]","Trichlorofluoromethane",137.37,"Chlorinated Compounds","Chlorinated Compounds",8,4
"24th & Ritner","stationary",8,"benz12chloro","0.12 [0.07]","1,2-dichlorobenzene",147.01,"Benzene Derivatives","Chlorinated Compounds",8,5
"26th & Hartranft","stationary",9,"benzene","1.21 [0.49]","Benzene",78.11,"BTEX","BTEX",1,1
"26th & Hartranft","stationary",9,"toluene","1.77 [0.84]","Toluene",92.14,"BTEX","BTEX",1,2
"26th & Hartranft","stationary",9,"etbenz","0.56 [0.23]","Ethylbenzene",106.17,"BTEX","BTEX",1,3
"26th & Hartranft","stationary",9,"mpxylene","3.55 [1.64]","(m+p)-Xylenes",106.16,"BTEX","BTEX",1,4
"26th & Hartranft","stationary",9,"oxylene","0.78 [0.36]","o-Xylene",106.16,"BTEX","BTEX",1,5
"26th & Hartranft","stationary",9,"xylenes","4.22 [1.84]","Total Xylenes",106.16,"BTEX","BTEX",1,6
"26th & Hartranft","stationary",9,"benzene_1_4_diethyl","0.24 [0.31]","1,4-Diethylbenzene",134.221,"Benzene Derivatives","Alkylbenzenes",2,1
"26th & Hartranft","stationary",9,"benzene_1_2_3_trimethyl","0.26 [0.20]","1,2,3-Trimethylbenzene",120.194,"Benzene Derivatives","Alkylbenzenes",2,2
"26th & Hartranft","stationary",9,"benz1ethyl2methyl","0.20 [0.17]","1-Ethyl-2-Methylbenzene",120.19,"Benzene Derivatives","Alkylbenzenes",2,3
"26th & Hartranft","stationary",9,"benz1ethyl3methyl","0.47 [0.33]","1-Ethyl-3-Methylbenzene",120.19,"Benzene Derivatives","Alkylbenzenes",2,4
"26th & Hartranft","stationary",9,"benz1ethyl4methyl","0.20 [0.14]","1-Ethyl-4-Methylbenzene",120.19,"Benzene Derivatives","Alkylbenzenes",2,5
"26th & Hartranft","stationary",9,"propylbenzene","0.29 [0.24]","Propylbenzene",120.19,"Benzene Derivatives","Alkylbenzenes",2,6
"26th & Hartranft","stationary",9,"mesitylene","0.63 [0.47]","Mesitylene",120.19,"Benzene Derivatives","Alkylbenzenes",2,7
"26th & Hartranft","stationary",9,"hexane","1.22 [1.09]","n-Hexane",86.18,"Alkanes","C6-C9 Alkanes",3,1
"26th & Hartranft","stationary",9,"heptane","1.05 [1.06]","Heptane",100.21,"Alkanes","C6-C9 Alkanes",3,2
"26th & Hartranft","stationary",9,"octane","0.50 [0.43]","Octane",114.23,"Alkanes","C6-C9 Alkanes",3,3
"26th & Hartranft","stationary",9,"nonane","0.69 [0.89]","Nonane",128.25,"Alkanes","C6-C9 Alkanes",3,4
"26th & Hartranft","stationary",9,"decane","1.19 [1.17]","Decane",149.29,"Alkanes","C10-C12 Alkanes",4,1
"26th & Hartranft","stationary",9,"undecane","1.75 [1.64]","Undecane",156.31,"Alkanes","C10-C12 Alkanes",4,2
"26th & Hartranft","stationary",9,"dodecane","1.34 [1.41]","Dodecane",170.34,"Alkanes","C10-C12 Alkanes",4,3
"26th & Hartranft","stationary",9,"butane_2_methyl","0.42 [0.25]","Isopentane",72.151,"Alkanes","Other Alkanes",5,1
"26th & Hartranft","stationary",9,"pentane_2_methyl","10.78 [7.35]","Isohexane",86.178,"Alkanes","Other Alkanes",5,2
"26th & Hartranft","stationary",9,"hexane2methyl","1.02 [0.80]","2-Methylhexane",100.2,"Alkanes","Other Alkanes",5,3
"26th & Hartranft","stationary",9,"hexane_3_methyl","2.68 [1.84]","3-Methylhexane",100.205,"Alkanes","Other Alkanes",5,4
"26th & Hartranft","stationary",9,"heptane3methyl","1.19 [1.09]","3-Methylheptane",114.23,"Alkanes","Other Alkanes",5,5
"26th & Hartranft","stationary",9,"pentane_3_methyl","4.66 [4.46]","3-Methylpentane",86.178,"Alkanes","Other Alkanes",5,6
"26th & Hartranft","stationary",9,"pentane_2_4_dimethyl","0.79 [0.70]","2,4-Dimethylpentane",100.205,"Alkanes","Other Alkanes",5,7
"26th & Hartranft","stationary",9,"pentane_2_3_4_trimethyl","1.14 [0.98]","2,3,4-Trimethylpentane",114.232,"Alkanes","Other Alkanes",5,8
"26th & Hartranft","stationary",9,"cyclohexane_methyl","3.57 [3.86]","Methylcyclohexane",98.189,"Cyclohexanes","Other Alkanes",5,9
"26th & Hartranft","stationary",9,"x1_hexene","0.26 [0.20]","1-Hexene",84.162,"Alkenes","Alkenes",6,1
"26th & Hartranft","stationary",9,"x2_pentene_z_cis","0.04 [0.06]","cis-2-Pentene",70.1329,"Alkenes","Alkenes",6,2
"26th & Hartranft","stationary",9,"x1_3_butadiene_2_methyl","0.02 [0.07]","Isoprene",68.12,"Alkenes","Alkenes",6,3
"26th & Hartranft","stationary",9,"x2_hexanone","0.01 [0.00]","2-Hexanone",100.161,"Ketones","Ketones",7,1
"26th & Hartranft","stationary",9,"methyl_isobutyl_ketone","0.00 [0.04]","Methyl isobutyl ketone",100.16,"Ketones","Ketones",7,2
"26th & Hartranft","stationary",9,"trichloromethane","0.17 [0.09]","Chloroform",119.37,"Chlorinated Compounds","Chlorinated Compounds",8,1
"26th & Hartranft","stationary",9,"carbon_tetrachloride","1.71 [0.75]","Carbon tetrachloride",153.81,"Chlorinated Compounds","Chlorinated Compounds",8,2
"26th & Hartranft","stationary",9,"tce","0.09 [0.05]","Tetrachloroethylene",165.83,"Chlorinated Compounds","Chlorinated Compounds",8,3
"26th & Hartranft","stationary",9,"trichlorofluoromethane","0.62 [0.56]","Trichlorofluoromethane",137.37,"Chlorinated Compounds","Chlorinated Compounds",8,4
"26th & Hartranft","stationary",9,"benz12chloro","0.05 [0.04]","1,2-dichlorobenzene",147.01,"Benzene Derivatives","Chlorinated Compounds",8,5
"Hartranft & Pietro Wy","rotating",10,"benzene","1.12 [1.33]","Benzene",78.11,"BTEX","BTEX",1,1
"Hartranft & Pietro Wy","rotating",10,"toluene","1.28 [0.97]","Toluene",92.14,"BTEX","BTEX",1,2
"Hartranft & Pietro Wy","rotating",10,"etbenz","0.34 [0.17]","Ethylbenzene",106.17,"BTEX","BTEX",1,3
"Hartranft & Pietro Wy","rotating",10,"mpxylene","1.82 [1.14]","(m+p)-Xylenes",106.16,"BTEX","BTEX",1,4
"Hartranft & Pietro Wy","rotating",10,"oxylene","0.43 [0.16]","o-Xylene",106.16,"BTEX","BTEX",1,5
"Hartranft & Pietro Wy","rotating",10,"xylenes","2.25 [1.29]","Total Xylenes",106.16,"BTEX","BTEX",1,6
"Hartranft & Pietro Wy","rotating",10,"benzene_1_4_diethyl","0.10 [0.05]","1,4-Diethylbenzene",134.221,"Benzene Derivatives","Alkylbenzenes",2,1
"Hartranft & Pietro Wy","rotating",10,"benzene_1_2_3_trimethyl","0.14 [0.06]","1,2,3-Trimethylbenzene",120.194,"Benzene Derivatives","Alkylbenzenes",2,2
"Hartranft & Pietro Wy","rotating",10,"benz1ethyl2methyl","0.12 [0.02]","1-Ethyl-2-Methylbenzene",120.19,"Benzene Derivatives","Alkylbenzenes",2,3
"Hartranft & Pietro Wy","rotating",10,"benz1ethyl3methyl","0.25 [0.06]","1-Ethyl-3-Methylbenzene",120.19,"Benzene Derivatives","Alkylbenzenes",2,4
"Hartranft & Pietro Wy","rotating",10,"benz1ethyl4methyl","0.09 [0.05]","1-Ethyl-4-Methylbenzene",120.19,"Benzene Derivatives","Alkylbenzenes",2,5
"Hartranft & Pietro Wy","rotating",10,"propylbenzene","0.18 [0.04]","Propylbenzene",120.19,"Benzene Derivatives","Alkylbenzenes",2,6
"Hartranft & Pietro Wy","rotating",10,"mesitylene","0.28 [0.13]","Mesitylene",120.19,"Benzene Derivatives","Alkylbenzenes",2,7
"Hartranft & Pietro Wy","rotating",10,"hexane","0.61 [0.79]","n-Hexane",86.18,"Alkanes","C6-C9 Alkanes",3,1
"Hartranft & Pietro Wy","rotating",10,"heptane","0.53 [0.47]","Heptane",100.21,"Alkanes","C6-C9 Alkanes",3,2
"Hartranft & Pietro Wy","rotating",10,"octane","0.31 [0.12]","Octane",114.23,"Alkanes","C6-C9 Alkanes",3,3
"Hartranft & Pietro Wy","rotating",10,"nonane","0.44 [0.17]","Nonane",128.25,"Alkanes","C6-C9 Alkanes",3,4
"Hartranft & Pietro Wy","rotating",10,"decane","0.44 [0.16]","Decane",149.29,"Alkanes","C10-C12 Alkanes",4,1
"Hartranft & Pietro Wy","rotating",10,"undecane","0.79 [0.25]","Undecane",156.31,"Alkanes","C10-C12 Alkanes",4,2
"Hartranft & Pietro Wy","rotating",10,"dodecane","0.47 [0.09]","Dodecane",170.34,"Alkanes","C10-C12 Alkanes",4,3
"Hartranft & Pietro Wy","rotating",10,"butane_2_methyl","0.15 [0.15]","Isopentane",72.151,"Alkanes","Other Alkanes",5,1
"Hartranft & Pietro Wy","rotating",10,"pentane_2_methyl","2.83 [3.42]","Isohexane",86.178,"Alkanes","Other Alkanes",5,2
"Hartranft & Pietro Wy","rotating",10,"hexane2methyl","0.38 [0.34]","2-Methylhexane",100.2,"Alkanes","Other Alkanes",5,3
"Hartranft & Pietro Wy","rotating",10,"hexane_3_methyl","0.90 [0.78]","3-Methylhexane",100.205,"Alkanes","Other Alkanes",5,4
"Hartranft & Pietro Wy","rotating",10,"heptane3methyl","0.54 [0.19]","3-Methylheptane",114.23,"Alkanes","Other Alkanes",5,5
"Hartranft & Pietro Wy","rotating",10,"pentane_3_methyl","1.15 [1.49]","3-Methylpentane",86.178,"Alkanes","Other Alkanes",5,6
"Hartranft & Pietro Wy","rotating",10,"pentane_2_4_dimethyl","0.21 [0.15]","2,4-Dimethylpentane",100.205,"Alkanes","Other Alkanes",5,7
"Hartranft & Pietro Wy","rotating",10,"pentane_2_3_4_trimethyl","0.34 [0.20]","2,3,4-Trimethylpentane",114.232,"Alkanes","Other Alkanes",5,8
"Hartranft & Pietro Wy","rotating",10,"cyclohexane_methyl","1.43 [1.31]","Methylcyclohexane",98.189,"Cyclohexanes","Other Alkanes",5,9
"Hartranft & Pietro Wy","rotating",10,"x1_hexene","0.11 [0.04]","1-Hexene",84.162,"Alkenes","Alkenes",6,1
"Hartranft & Pietro Wy","rotating",10,"x2_pentene_z_cis","0.04 [0.02]","cis-2-Pentene",70.1329,"Alkenes","Alkenes",6,2
"Hartranft & Pietro Wy","rotating",10,"x1_3_butadiene_2_methyl","0.04 [0.08]","Isoprene",68.12,"Alkenes","Alkenes",6,3
"Hartranft & Pietro Wy","rotating",10,"x2_hexanone","0.01 [0.00]","2-Hexanone",100.161,"Ketones","Ketones",7,1
"Hartranft & Pietro Wy","rotating",10,"methyl_isobutyl_ketone","0.00 [0.01]","Methyl isobutyl ketone",100.16,"Ketones","Ketones",7,2
"Hartranft & Pietro Wy","rotating",10,"trichloromethane","0.13 [0.09]","Chloroform",119.37,"Chlorinated Compounds","Chlorinated Compounds",8,1
"Hartranft & Pietro Wy","rotating",10,"carbon_tetrachloride","1.40 [0.80]","Carbon tetrachloride",153.81,"Chlorinated Compounds","Chlorinated Compounds",8,2
"Hartranft & Pietro Wy","rotating",10,"tce","0.09 [0.05]","Tetrachloroethylene",165.83,"Chlorinated Compounds","Chlorinated Compounds",8,3
"Hartranft & Pietro Wy","rotating",10,"trichlorofluoromethane","0.35 [0.49]","Trichlorofluoromethane",137.37,"Chlorinated Compounds","Chlorinated Compounds",8,4
"Hartranft & Pietro Wy","rotating",10,"benz12chloro","0.05 [0.08]","1,2-dichlorobenzene",147.01,"Benzene Derivatives","Chlorinated Compounds",8,5
"Snyder & Vare","rotating",11,"benzene","1.12 [1.05]","Benzene",78.11,"BTEX","BTEX",1,1
"Snyder & Vare","rotating",11,"toluene","1.61 [0.88]","Toluene",92.14,"BTEX","BTEX",1,2
"Snyder & Vare","rotating",11,"etbenz","0.44 [0.27]","Ethylbenzene",106.17,"BTEX","BTEX",1,3
"Snyder & Vare","rotating",11,"mpxylene","2.43 [1.41]","(m+p)-Xylenes",106.16,"BTEX","BTEX",1,4
"Snyder & Vare","rotating",11,"oxylene","0.63 [0.33]","o-Xylene",106.16,"BTEX","BTEX",1,5
"Snyder & Vare","rotating",11,"xylenes","3.03 [1.77]","Total Xylenes",106.16,"BTEX","BTEX",1,6
"Snyder & Vare","rotating",11,"benzene_1_4_diethyl","0.14 [0.09]","1,4-Diethylbenzene",134.221,"Benzene Derivatives","Alkylbenzenes",2,1
"Snyder & Vare","rotating",11,"benzene_1_2_3_trimethyl","0.17 [0.08]","1,2,3-Trimethylbenzene",120.194,"Benzene Derivatives","Alkylbenzenes",2,2
"Snyder & Vare","rotating",11,"benz1ethyl2methyl","0.13 [0.06]","1-Ethyl-2-Methylbenzene",120.19,"Benzene Derivatives","Alkylbenzenes",2,3
"Snyder & Vare","rotating",11,"benz1ethyl3methyl","0.35 [0.15]","1-Ethyl-3-Methylbenzene",120.19,"Benzene Derivatives","Alkylbenzenes",2,4
"Snyder & Vare","rotating",11,"benz1ethyl4methyl","0.13 [0.10]","1-Ethyl-4-Methylbenzene",120.19,"Benzene Derivatives","Alkylbenzenes",2,5
"Snyder & Vare","rotating",11,"propylbenzene","0.18 [0.14]","Propylbenzene",120.19,"Benzene Derivatives","Alkylbenzenes",2,6
"Snyder & Vare","rotating",11,"mesitylene","0.36 [0.28]","Mesitylene",120.19,"Benzene Derivatives","Alkylbenzenes",2,7
"Snyder & Vare","rotating",11,"hexane","0.71 [0.72]","n-Hexane",86.18,"Alkanes","C6-C9 Alkanes",3,1
"Snyder & Vare","rotating",11,"heptane","0.69 [0.64]","Heptane",100.21,"Alkanes","C6-C9 Alkanes",3,2
"Snyder & Vare","rotating",11,"octane","0.50 [0.41]","Octane",114.23,"Alkanes","C6-C9 Alkanes",3,3
"Snyder & Vare","rotating",11,"nonane","0.85 [0.75]","Nonane",128.25,"Alkanes","C6-C9 Alkanes",3,4
"Snyder & Vare","rotating",11,"decane","0.62 [0.40]","Decane",149.29,"Alkanes","C10-C12 Alkanes",4,1
"Snyder & Vare","rotating",11,"undecane","0.92 [0.98]","Undecane",156.31,"Alkanes","C10-C12 Alkanes",4,2
"Snyder & Vare","rotating",11,"dodecane","0.57 [0.68]","Dodecane",170.34,"Alkanes","C10-C12 Alkanes",4,3
"Snyder & Vare","rotating",11,"butane_2_methyl","0.16 [0.12]","Isopentane",72.151,"Alkanes","Other Alkanes",5,1
"Snyder & Vare","rotating",11,"pentane_2_methyl","3.04 [3.07]","Isohexane",86.178,"Alkanes","Other Alkanes",5,2
"Snyder & Vare","rotating",11,"hexane2methyl","0.44 [0.42]","2-Methylhexane",100.2,"Alkanes","Other Alkanes",5,3
"Snyder & Vare","rotating",11,"hexane_3_methyl","1.01 [1.02]","3-Methylhexane",100.205,"Alkanes","Other Alkanes",5,4
"Snyder & Vare","rotating",11,"heptane3methyl","0.58 [0.56]","3-Methylheptane",114.23,"Alkanes","Other Alkanes",5,5
"Snyder & Vare","rotating",11,"pentane_3_methyl","1.12 [1.40]","3-Methylpentane",86.178,"Alkanes","Other Alkanes",5,6
"Snyder & Vare","rotating",11,"pentane_2_4_dimethyl","0.21 [0.19]","2,4-Dimethylpentane",100.205,"Alkanes","Other Alkanes",5,7
"Snyder & Vare","rotating",11,"pentane_2_3_4_trimethyl","0.22 [0.13]","2,3,4-Trimethylpentane",114.232,"Alkanes","Other Alkanes",5,8
"Snyder & Vare","rotating",11,"cyclohexane_methyl","1.15 [2.40]","Methylcyclohexane",98.189,"Cyclohexanes","Other Alkanes",5,9
"Snyder & Vare","rotating",11,"x1_hexene","0.21 [0.09]","1-Hexene",84.162,"Alkenes","Alkenes",6,1
"Snyder & Vare","rotating",11,"x2_pentene_z_cis","0.03 [0.02]","cis-2-Pentene",70.1329,"Alkenes","Alkenes",6,2
"Snyder & Vare","rotating",11,"x1_3_butadiene_2_methyl","0.04 [0.07]","Isoprene",68.12,"Alkenes","Alkenes",6,3
"Snyder & Vare","rotating",11,"x2_hexanone","0.01 [0.01]","2-Hexanone",100.161,"Ketones","Ketones",7,1
"Snyder & Vare","rotating",11,"methyl_isobutyl_ketone","0.02 [0.05]","Methyl isobutyl ketone",100.16,"Ketones","Ketones",7,2
"Snyder & Vare","rotating",11,"trichloromethane","0.15 [0.05]","Chloroform",119.37,"Chlorinated Compounds","Chlorinated Compounds",8,1
"Snyder & Vare","rotating",11,"carbon_tetrachloride","1.48 [0.83]","Carbon tetrachloride",153.81,"Chlorinated Compounds","Chlorinated Compounds",8,2
"Snyder & Vare","rotating",11,"tce","0.09 [0.05]","Tetrachloroethylene",165.83,"Chlorinated Compounds","Chlorinated Compounds",8,3
"Snyder & Vare","rotating",11,"trichlorofluoromethane","0.37 [0.52]","Trichlorofluoromethane",137.37,"Chlorinated Compounds","Chlorinated Compounds",8,4
"Snyder & Vare","rotating",11,"benz12chloro","0.10 [0.02]","1,2-dichlorobenzene",147.01,"Benzene Derivatives","Chlorinated Compounds",8,5
"29th & Moore","rotating",12,"benzene","1.16 [0.75]","Benzene",78.11,"BTEX","BTEX",1,1
"29th & Moore","rotating",12,"toluene","1.95 [1.20]","Toluene",92.14,"BTEX","BTEX",1,2
"29th & Moore","rotating",12,"etbenz","0.46 [0.14]","Ethylbenzene",106.17,"BTEX","BTEX",1,3
"29th & Moore","rotating",12,"mpxylene","2.73 [1.50]","(m+p)-Xylenes",106.16,"BTEX","BTEX",1,4
"29th & Moore","rotating",12,"oxylene","0.65 [0.20]","o-Xylene",106.16,"BTEX","BTEX",1,5
"29th & Moore","rotating",12,"xylenes","3.38 [1.69]","Total Xylenes",106.16,"BTEX","BTEX",1,6
"29th & Moore","rotating",12,"benzene_1_4_diethyl","0.07 [0.03]","1,4-Diethylbenzene",134.221,"Benzene Derivatives","Alkylbenzenes",2,1
"29th & Moore","rotating",12,"benzene_1_2_3_trimethyl","0.15 [0.01]","1,2,3-Trimethylbenzene",120.194,"Benzene Derivatives","Alkylbenzenes",2,2
"29th & Moore","rotating",12,"benz1ethyl2methyl","0.12 [0.02]","1-Ethyl-2-Methylbenzene",120.19,"Benzene Derivatives","Alkylbenzenes",2,3
"29th & Moore","rotating",12,"benz1ethyl3methyl","0.29 [0.06]","1-Ethyl-3-Methylbenzene",120.19,"Benzene Derivatives","Alkylbenzenes",2,4
"29th & Moore","rotating",12,"benz1ethyl4methyl","0.13 [0.01]","1-Ethyl-4-Methylbenzene",120.19,"Benzene Derivatives","Alkylbenzenes",2,5
"29th & Moore","rotating",12,"propylbenzene","0.15 [0.02]","Propylbenzene",120.19,"Benzene Derivatives","Alkylbenzenes",2,6
"29th & Moore","rotating",12,"mesitylene","0.34 [0.06]","Mesitylene",120.19,"Benzene Derivatives","Alkylbenzenes",2,7
"29th & Moore","rotating",12,"hexane","0.94 [0.92]","n-Hexane",86.18,"Alkanes","C6-C9 Alkanes",3,1
"29th & Moore","rotating",12,"heptane","0.76 [0.50]","Heptane",100.21,"Alkanes","C6-C9 Alkanes",3,2
"29th & Moore","rotating",12,"octane","0.37 [0.09]","Octane",114.23,"Alkanes","C6-C9 Alkanes",3,3
"29th & Moore","rotating",12,"nonane","0.65 [0.28]","Nonane",128.25,"Alkanes","C6-C9 Alkanes",3,4
"29th & Moore","rotating",12,"decane","0.48 [0.15]","Decane",149.29,"Alkanes","C10-C12 Alkanes",4,1
"29th & Moore","rotating",12,"undecane","0.73 [0.67]","Undecane",156.31,"Alkanes","C10-C12 Alkanes",4,2
"29th & Moore","rotating",12,"dodecane","0.60 [0.91]","Dodecane",170.34,"Alkanes","C10-C12 Alkanes",4,3
"29th & Moore","rotating",12,"butane_2_methyl","0.25 [0.28]","Isopentane",72.151,"Alkanes","Other Alkanes",5,1
"29th & Moore","rotating",12,"pentane_2_methyl","2.94 [2.32]","Isohexane",86.178,"Alkanes","Other Alkanes",5,2
"29th & Moore","rotating",12,"hexane2methyl","0.57 [0.40]","2-Methylhexane",100.2,"Alkanes","Other Alkanes",5,3
"29th & Moore","rotating",12,"hexane_3_methyl","1.21 [0.75]","3-Methylhexane",100.205,"Alkanes","Other Alkanes",5,4
"29th & Moore","rotating",12,"heptane3methyl","0.50 [0.06]","3-Methylheptane",114.23,"Alkanes","Other Alkanes",5,5
"29th & Moore","rotating",12,"pentane_3_methyl","1.07 [0.76]","3-Methylpentane",86.178,"Alkanes","Other Alkanes",5,6
"29th & Moore","rotating",12,"pentane_2_4_dimethyl","0.20 [0.07]","2,4-Dimethylpentane",100.205,"Alkanes","Other Alkanes",5,7
"29th & Moore","rotating",12,"pentane_2_3_4_trimethyl","0.25 [0.07]","2,3,4-Trimethylpentane",114.232,"Alkanes","Other Alkanes",5,8
"29th & Moore","rotating",12,"cyclohexane_methyl","0.84 [0.33]","Methylcyclohexane",98.189,"Cyclohexanes","Other Alkanes",5,9
"29th & Moore","rotating",12,"x1_hexene","0.17 [0.07]","1-Hexene",84.162,"Alkenes","Alkenes",6,1
"29th & Moore","rotating",12,"x2_pentene_z_cis","0.03 [0.02]","cis-2-Pentene",70.1329,"Alkenes","Alkenes",6,2
"29th & Moore","rotating",12,"x1_3_butadiene_2_methyl","0.04 [0.06]","Isoprene",68.12,"Alkenes","Alkenes",6,3
"29th & Moore","rotating",12,"x2_hexanone","0.01 [0.01]","2-Hexanone",100.161,"Ketones","Ketones",7,1
"29th & Moore","rotating",12,"methyl_isobutyl_ketone","0.00 [0.01]","Methyl isobutyl ketone",100.16,"Ketones","Ketones",7,2
"29th & Moore","rotating",12,"trichloromethane","0.18 [0.09]","Chloroform",119.37,"Chlorinated Compounds","Chlorinated Compounds",8,1
"29th & Moore","rotating",12,"carbon_tetrachloride","1.71 [1.23]","Carbon tetrachloride",153.81,"Chlorinated Compounds","Chlorinated Compounds",8,2
"29th & Moore","rotating",12,"tce","0.12 [0.06]","Tetrachloroethylene",165.83,"Chlorinated Compounds","Chlorinated Compounds",8,3
"29th & Moore","rotating",12,"trichlorofluoromethane","0.30 [0.41]","Trichlorofluoromethane",137.37,"Chlorinated Compounds","Chlorinated Compounds",8,4
"29th & Moore","rotating",12,"benz12chloro","0.19 [0.07]","1,2-dichlorobenzene",147.01,"Benzene Derivatives","Chlorinated Compounds",8,5
"Wharton Park","rotating",13,"benzene","0.90 [0.51]","Benzene",78.11,"BTEX","BTEX",1,1
"Wharton Park","rotating",13,"toluene","1.26 [0.27]","Toluene",92.14,"BTEX","BTEX",1,2
"Wharton Park","rotating",13,"etbenz","0.38 [0.08]","Ethylbenzene",106.17,"BTEX","BTEX",1,3
"Wharton Park","rotating",13,"mpxylene","2.23 [0.80]","(m+p)-Xylenes",106.16,"BTEX","BTEX",1,4
"Wharton Park","rotating",13,"oxylene","0.54 [0.14]","o-Xylene",106.16,"BTEX","BTEX",1,5
"Wharton Park","rotating",13,"xylenes","2.78 [0.94]","Total Xylenes",106.16,"BTEX","BTEX",1,6
"Wharton Park","rotating",13,"benzene_1_4_diethyl","0.07 [0.01]","1,4-Diethylbenzene",134.221,"Benzene Derivatives","Alkylbenzenes",2,1
"Wharton Park","rotating",13,"benzene_1_2_3_trimethyl","0.11 [0.04]","1,2,3-Trimethylbenzene",120.194,"Benzene Derivatives","Alkylbenzenes",2,2
"Wharton Park","rotating",13,"benz1ethyl2methyl","0.09 [0.03]","1-Ethyl-2-Methylbenzene",120.19,"Benzene Derivatives","Alkylbenzenes",2,3
"Wharton Park","rotating",13,"benz1ethyl3methyl","0.26 [0.08]","1-Ethyl-3-Methylbenzene",120.19,"Benzene Derivatives","Alkylbenzenes",2,4
"Wharton Park","rotating",13,"benz1ethyl4methyl","0.11 [0.04]","1-Ethyl-4-Methylbenzene",120.19,"Benzene Derivatives","Alkylbenzenes",2,5
"Wharton Park","rotating",13,"propylbenzene","0.13 [0.03]","Propylbenzene",120.19,"Benzene Derivatives","Alkylbenzenes",2,6
"Wharton Park","rotating",13,"mesitylene","0.30 [0.08]","Mesitylene",120.19,"Benzene Derivatives","Alkylbenzenes",2,7
"Wharton Park","rotating",13,"hexane","0.66 [0.52]","n-Hexane",86.18,"Alkanes","C6-C9 Alkanes",3,1
"Wharton Park","rotating",13,"heptane","0.42 [0.24]","Heptane",100.21,"Alkanes","C6-C9 Alkanes",3,2
"Wharton Park","rotating",13,"octane","0.18 [0.07]","Octane",114.23,"Alkanes","C6-C9 Alkanes",3,3
"Wharton Park","rotating",13,"nonane","0.36 [0.28]","Nonane",128.25,"Alkanes","C6-C9 Alkanes",3,4
"Wharton Park","rotating",13,"decane","0.38 [0.13]","Decane",149.29,"Alkanes","C10-C12 Alkanes",4,1
"Wharton Park","rotating",13,"undecane","0.35 [0.08]","Undecane",156.31,"Alkanes","C10-C12 Alkanes",4,2
"Wharton Park","rotating",13,"dodecane","0.12 [0.05]","Dodecane",170.34,"Alkanes","C10-C12 Alkanes",4,3
"Wharton Park","rotating",13,"butane_2_methyl","0.18 [0.24]","Isopentane",72.151,"Alkanes","Other Alkanes",5,1
"Wharton Park","rotating",13,"pentane_2_methyl","3.36 [2.43]","Isohexane",86.178,"Alkanes","Other Alkanes",5,2
"Wharton Park","rotating",13,"hexane2methyl","0.43 [0.19]","2-Methylhexane",100.2,"Alkanes","Other Alkanes",5,3
"Wharton Park","rotating",13,"hexane_3_methyl","0.87 [0.44]","3-Methylhexane",100.205,"Alkanes","Other Alkanes",5,4
"Wharton Park","rotating",13,"heptane3methyl","0.33 [0.10]","3-Methylheptane",114.23,"Alkanes","Other Alkanes",5,5
"Wharton Park","rotating",13,"pentane_3_methyl","1.21 [0.79]","3-Methylpentane",86.178,"Alkanes","Other Alkanes",5,6
"Wharton Park","rotating",13,"pentane_2_4_dimethyl","0.19 [0.04]","2,4-Dimethylpentane",100.205,"Alkanes","Other Alkanes",5,7
"Wharton Park","rotating",13,"pentane_2_3_4_trimethyl","0.25 [0.09]","2,3,4-Trimethylpentane",114.232,"Alkanes","Other Alkanes",5,8
"Wharton Park","rotating",13,"cyclohexane_methyl","0.72 [0.28]","Methylcyclohexane",98.189,"Cyclohexanes","Other Alkanes",5,9
"Wharton Park","rotating",13,"x1_hexene","0.06 [0.06]","1-Hexene",84.162,"Alkenes","Alkenes",6,1
"Wharton Park","rotating",13,"x2_pentene_z_cis","0.01 [0.00]","cis-2-Pentene",70.1329,"Alkenes","Alkenes",6,2
"Wharton Park","rotating",13,"x1_3_butadiene_2_methyl","0.06 [0.09]","Isoprene",68.12,"Alkenes","Alkenes",6,3
"Wharton Park","rotating",13,"x2_hexanone","0.01 [0.00]","2-Hexanone",100.161,"Ketones","Ketones",7,1
"Wharton Park","rotating",13,"methyl_isobutyl_ketone","0.00 [0.00]","Methyl isobutyl ketone",100.16,"Ketones","Ketones",7,2
"Wharton Park","rotating",13,"trichloromethane","0.15 [0.03]","Chloroform",119.37,"Chlorinated Compounds","Chlorinated Compounds",8,1
"Wharton Park","rotating",13,"carbon_tetrachloride","1.81 [0.60]","Carbon tetrachloride",153.81,"Chlorinated Compounds","Chlorinated Compounds",8,2
"Wharton Park","rotating",13,"tce","0.12 [0.03]","Tetrachloroethylene",165.83,"Chlorinated Compounds","Chlorinated Compounds",8,3
"Wharton Park","rotating",13,"trichlorofluoromethane","0.65 [0.34]","Trichlorofluoromethane",137.37,"Chlorinated Compounds","Chlorinated Compounds",8,4
"Wharton Park","rotating",13,"benz12chloro","0.14 [0.08]","1,2-dichlorobenzene",147.01,"Benzene Derivatives","Chlorinated Compounds",8,5
"Finnegan Playground","rotating",14,"benzene","1.05 [0.94]","Benzene",78.11,"BTEX","BTEX",1,1
"Finnegan Playground","rotating",14,"toluene","1.72 [1.20]","Toluene",92.14,"BTEX","BTEX",1,2
"Finnegan Playground","rotating",14,"etbenz","0.40 [0.13]","Ethylbenzene",106.17,"BTEX","BTEX",1,3
"Finnegan Playground","rotating",14,"mpxylene","2.38 [1.15]","(m+p)-Xylenes",106.16,"BTEX","BTEX",1,4
"Finnegan Playground","rotating",14,"oxylene","0.56 [0.13]","o-Xylene",106.16,"BTEX","BTEX",1,5
"Finnegan Playground","rotating",14,"xylenes","2.94 [1.28]","Total Xylenes",106.16,"BTEX","BTEX",1,6
"Finnegan Playground","rotating",14,"benzene_1_4_diethyl","0.11 [0.10]","1,4-Diethylbenzene",134.221,"Benzene Derivatives","Alkylbenzenes",2,1
"Finnegan Playground","rotating",14,"benzene_1_2_3_trimethyl","0.17 [0.04]","1,2,3-Trimethylbenzene",120.194,"Benzene Derivatives","Alkylbenzenes",2,2
"Finnegan Playground","rotating",14,"benz1ethyl2methyl","0.11 [0.06]","1-Ethyl-2-Methylbenzene",120.19,"Benzene Derivatives","Alkylbenzenes",2,3
"Finnegan Playground","rotating",14,"benz1ethyl3methyl","0.30 [0.10]","1-Ethyl-3-Methylbenzene",120.19,"Benzene Derivatives","Alkylbenzenes",2,4
"Finnegan Playground","rotating",14,"benz1ethyl4methyl","0.12 [0.02]","1-Ethyl-4-Methylbenzene",120.19,"Benzene Derivatives","Alkylbenzenes",2,5
"Finnegan Playground","rotating",14,"propylbenzene","0.15 [0.07]","Propylbenzene",120.19,"Benzene Derivatives","Alkylbenzenes",2,6
"Finnegan Playground","rotating",14,"mesitylene","0.32 [0.09]","Mesitylene",120.19,"Benzene Derivatives","Alkylbenzenes",2,7
"Finnegan Playground","rotating",14,"hexane","0.82 [0.80]","n-Hexane",86.18,"Alkanes","C6-C9 Alkanes",3,1
"Finnegan Playground","rotating",14,"heptane","0.66 [0.35]","Heptane",100.21,"Alkanes","C6-C9 Alkanes",3,2
"Finnegan Playground","rotating",14,"octane","0.26 [0.14]","Octane",114.23,"Alkanes","C6-C9 Alkanes",3,3
"Finnegan Playground","rotating",14,"nonane","0.32 [0.62]","Nonane",128.25,"Alkanes","C6-C9 Alkanes",3,4
"Finnegan Playground","rotating",14,"decane","0.52 [0.25]","Decane",149.29,"Alkanes","C10-C12 Alkanes",4,1
"Finnegan Playground","rotating",14,"undecane","0.87 [1.04]","Undecane",156.31,"Alkanes","C10-C12 Alkanes",4,2
"Finnegan Playground","rotating",14,"dodecane","0.68 [1.04]","Dodecane",170.34,"Alkanes","C10-C12 Alkanes",4,3
"Finnegan Playground","rotating",14,"butane_2_methyl","0.27 [0.31]","Isopentane",72.151,"Alkanes","Other Alkanes",5,1
"Finnegan Playground","rotating",14,"pentane_2_methyl","3.01 [1.56]","Isohexane",86.178,"Alkanes","Other Alkanes",5,2
"Finnegan Playground","rotating",14,"hexane2methyl","0.53 [0.17]","2-Methylhexane",100.2,"Alkanes","Other Alkanes",5,3
"Finnegan Playground","rotating",14,"hexane_3_methyl","1.19 [0.26]","3-Methylhexane",100.205,"Alkanes","Other Alkanes",5,4
"Finnegan Playground","rotating",14,"heptane3methyl","0.45 [0.08]","3-Methylheptane",114.23,"Alkanes","Other Alkanes",5,5
"Finnegan Playground","rotating",14,"pentane_3_methyl","1.06 [0.55]","3-Methylpentane",86.178,"Alkanes","Other Alkanes",5,6
"Finnegan Playground","rotating",14,"pentane_2_4_dimethyl","0.20 [0.07]","2,4-Dimethylpentane",100.205,"Alkanes","Other Alkanes",5,7
"Finnegan Playground","rotating",14,"pentane_2_3_4_trimethyl","0.21 [0.03]","2,3,4-Trimethylpentane",114.232,"Alkanes","Other Alkanes",5,8
"Finnegan Playground","rotating",14,"cyclohexane_methyl","0.81 [0.25]","Methylcyclohexane",98.189,"Cyclohexanes","Other Alkanes",5,9
"Finnegan Playground","rotating",14,"x1_hexene","0.22 [0.13]","1-Hexene",84.162,"Alkenes","Alkenes",6,1
"Finnegan Playground","rotating",14,"x2_pentene_z_cis","0.05 [0.03]","cis-2-Pentene",70.1329,"Alkenes","Alkenes",6,2
"Finnegan Playground","rotating",14,"x1_3_butadiene_2_methyl","0.04 [0.08]","Isoprene",68.12,"Alkenes","Alkenes",6,3
"Finnegan Playground","rotating",14,"x2_hexanone","0.01 [0.00]","2-Hexanone",100.161,"Ketones","Ketones",7,1
"Finnegan Playground","rotating",14,"methyl_isobutyl_ketone","0.00 [0.00]","Methyl isobutyl ketone",100.16,"Ketones","Ketones",7,2
"Finnegan Playground","rotating",14,"trichloromethane","0.17 [0.07]","Chloroform",119.37,"Chlorinated Compounds","Chlorinated Compounds",8,1
"Finnegan Playground","rotating",14,"carbon_tetrachloride","1.80 [1.15]","Carbon tetrachloride",153.81,"Chlorinated Compounds","Chlorinated Compounds",8,2
"Finnegan Playground","rotating",14,"tce","0.21 [0.07]","Tetrachloroethylene",165.83,"Chlorinated Compounds","Chlorinated Compounds",8,3
"Finnegan Playground","rotating",14,"trichlorofluoromethane","0.42 [0.43]","Trichlorofluoromethane",137.37,"Chlorinated Compounds","Chlorinated Compounds",8,4
"Finnegan Playground","rotating",14,"benz12chloro","0.09 [0.01]","1,2-dichlorobenzene",147.01,"Benzene Derivatives","Chlorinated Compounds",8,5
"31st & Grays Ferry","rotating",15,"benzene","1.18 [0.91]","Benzene",78.11,"BTEX","BTEX",1,1
"31st & Grays Ferry","rotating",15,"toluene","2.55 [1.50]","Toluene",92.14,"BTEX","BTEX",1,2
"31st & Grays Ferry","rotating",15,"etbenz","0.55 [0.09]","Ethylbenzene",106.17,"BTEX","BTEX",1,3
"31st & Grays Ferry","rotating",15,"mpxylene","3.40 [1.34]","(m+p)-Xylenes",106.16,"BTEX","BTEX",1,4
"31st & Grays Ferry","rotating",15,"oxylene","0.79 [0.10]","o-Xylene",106.16,"BTEX","BTEX",1,5
"31st & Grays Ferry","rotating",15,"xylenes","4.19 [1.44]","Total Xylenes",106.16,"BTEX","BTEX",1,6
"31st & Grays Ferry","rotating",15,"benzene_1_4_diethyl","0.12 [0.02]","1,4-Diethylbenzene",134.221,"Benzene Derivatives","Alkylbenzenes",2,1
"31st & Grays Ferry","rotating",15,"benzene_1_2_3_trimethyl","0.17 [0.07]","1,2,3-Trimethylbenzene",120.194,"Benzene Derivatives","Alkylbenzenes",2,2
"31st & Grays Ferry","rotating",15,"benz1ethyl2methyl","0.13 [0.09]","1-Ethyl-2-Methylbenzene",120.19,"Benzene Derivatives","Alkylbenzenes",2,3
"31st & Grays Ferry","rotating",15,"benz1ethyl3methyl","0.39 [0.13]","1-Ethyl-3-Methylbenzene",120.19,"Benzene Derivatives","Alkylbenzenes",2,4
"31st & Grays Ferry","rotating",15,"benz1ethyl4methyl","0.18 [0.05]","1-Ethyl-4-Methylbenzene",120.19,"Benzene Derivatives","Alkylbenzenes",2,5
"31st & Grays Ferry","rotating",15,"propylbenzene","0.18 [0.08]","Propylbenzene",120.19,"Benzene Derivatives","Alkylbenzenes",2,6
"31st & Grays Ferry","rotating",15,"mesitylene","0.41 [0.10]","Mesitylene",120.19,"Benzene Derivatives","Alkylbenzenes",2,7
"31st & Grays Ferry","rotating",15,"hexane","0.96 [0.87]","n-Hexane",86.18,"Alkanes","C6-C9 Alkanes",3,1
"31st & Grays Ferry","rotating",15,"heptane","0.77 [0.50]","Heptane",100.21,"Alkanes","C6-C9 Alkanes",3,2
"31st & Grays Ferry","rotating",15,"octane","0.27 [0.18]","Octane",114.23,"Alkanes","C6-C9 Alkanes",3,3
"31st & Grays Ferry","rotating",15,"nonane","0.44 [0.24]","Nonane",128.25,"Alkanes","C6-C9 Alkanes",3,4
"31st & Grays Ferry","rotating",15,"decane","0.38 [0.15]","Decane",149.29,"Alkanes","C10-C12 Alkanes",4,1
"31st & Grays Ferry","rotating",15,"undecane","0.60 [0.08]","Undecane",156.31,"Alkanes","C10-C12 Alkanes",4,2
"31st & Grays Ferry","rotating",15,"dodecane","0.29 [0.15]","Dodecane",170.34,"Alkanes","C10-C12 Alkanes",4,3
"31st & Grays Ferry","rotating",15,"butane_2_methyl","0.27 [0.35]","Isopentane",72.151,"Alkanes","Other Alkanes",5,1
"31st & Grays Ferry","rotating",15,"pentane_2_methyl","3.38 [1.74]","Isohexane",86.178,"Alkanes","Other Alkanes",5,2
"31st & Grays Ferry","rotating",15,"hexane2methyl","0.60 [0.22]","2-Methylhexane",100.2,"Alkanes","Other Alkanes",5,3
"31st & Grays Ferry","rotating",15,"hexane_3_methyl","1.31 [0.39]","3-Methylhexane",100.205,"Alkanes","Other Alkanes",5,4
"31st & Grays Ferry","rotating",15,"heptane3methyl","0.54 [0.14]","3-Methylheptane",114.23,"Alkanes","Other Alkanes",5,5
"31st & Grays Ferry","rotating",15,"pentane_3_methyl","1.22 [0.59]","3-Methylpentane",86.178,"Alkanes","Other Alkanes",5,6
"31st & Grays Ferry","rotating",15,"pentane_2_4_dimethyl","0.22 [0.06]","2,4-Dimethylpentane",100.205,"Alkanes","Other Alkanes",5,7
"31st & Grays Ferry","rotating",15,"pentane_2_3_4_trimethyl","0.28 [0.01]","2,3,4-Trimethylpentane",114.232,"Alkanes","Other Alkanes",5,8
"31st & Grays Ferry","rotating",15,"cyclohexane_methyl","0.94 [0.35]","Methylcyclohexane",98.189,"Cyclohexanes","Other Alkanes",5,9
"31st & Grays Ferry","rotating",15,"x1_hexene","0.18 [0.08]","1-Hexene",84.162,"Alkenes","Alkenes",6,1
"31st & Grays Ferry","rotating",15,"x2_pentene_z_cis","0.04 [0.02]","cis-2-Pentene",70.1329,"Alkenes","Alkenes",6,2
"31st & Grays Ferry","rotating",15,"x1_3_butadiene_2_methyl","0.01 [0.03]","Isoprene",68.12,"Alkenes","Alkenes",6,3
"31st & Grays Ferry","rotating",15,"x2_hexanone","0.01 [0.02]","2-Hexanone",100.161,"Ketones","Ketones",7,1
"31st & Grays Ferry","rotating",15,"methyl_isobutyl_ketone","0.00 [0.00]","Methyl isobutyl ketone",100.16,"Ketones","Ketones",7,2
"31st & Grays Ferry","rotating",15,"trichloromethane","0.17 [0.07]","Chloroform",119.37,"Chlorinated Compounds","Chlorinated Compounds",8,1
"31st & Grays Ferry","rotating",15,"carbon_tetrachloride","1.71 [1.15]","Carbon tetrachloride",153.81,"Chlorinated Compounds","Chlorinated Compounds",8,2
"31st & Grays Ferry","rotating",15,"tce","0.12 [0.11]","Tetrachloroethylene",165.83,"Chlorinated Compounds","Chlorinated Compounds",8,3
"31st & Grays Ferry","rotating",15,"trichlorofluoromethane","0.40 [0.38]","Trichlorofluoromethane",137.37,"Chlorinated Compounds","Chlorinated Compounds",8,4
"31st & Grays Ferry","rotating",15,"benz12chloro","0.08 [0.01]","1,2-dichlorobenzene",147.01,"Benzene Derivatives","Chlorinated Compounds",8,5
"Crescent Park","rotating",16,"benzene","1.10 [0.39]","Benzene",78.11,"BTEX","BTEX",1,1
"Crescent Park","rotating",16,"toluene","2.03 [0.58]","Toluene",92.14,"BTEX","BTEX",1,2
"Crescent Park","rotating",16,"etbenz","0.47 [0.08]","Ethylbenzene",106.17,"BTEX","BTEX",1,3
"Crescent Park","rotating",16,"mpxylene","2.96 [0.47]","(m+p)-Xylenes",106.16,"BTEX","BTEX",1,4
"Crescent Park","rotating",16,"oxylene","0.64 [0.09]","o-Xylene",106.16,"BTEX","BTEX",1,5
"Crescent Park","rotating",16,"xylenes","3.60 [0.56]","Total Xylenes",106.16,"BTEX","BTEX",1,6
"Crescent Park","rotating",16,"benzene_1_4_diethyl","0.08 [0.01]","1,4-Diethylbenzene",134.221,"Benzene Derivatives","Alkylbenzenes",2,1
"Crescent Park","rotating",16,"benzene_1_2_3_trimethyl","0.13 [0.02]","1,2,3-Trimethylbenzene",120.194,"Benzene Derivatives","Alkylbenzenes",2,2
"Crescent Park","rotating",16,"benz1ethyl2methyl","0.12 [0.03]","1-Ethyl-2-Methylbenzene",120.19,"Benzene Derivatives","Alkylbenzenes",2,3
"Crescent Park","rotating",16,"benz1ethyl3methyl","0.31 [0.07]","1-Ethyl-3-Methylbenzene",120.19,"Benzene Derivatives","Alkylbenzenes",2,4
"Crescent Park","rotating",16,"benz1ethyl4methyl","0.15 [0.02]","1-Ethyl-4-Methylbenzene",120.19,"Benzene Derivatives","Alkylbenzenes",2,5
"Crescent Park","rotating",16,"propylbenzene","0.16 [0.05]","Propylbenzene",120.19,"Benzene Derivatives","Alkylbenzenes",2,6
"Crescent Park","rotating",16,"mesitylene","0.32 [0.11]","Mesitylene",120.19,"Benzene Derivatives","Alkylbenzenes",2,7
"Crescent Park","rotating",16,"hexane","0.97 [0.24]","n-Hexane",86.18,"Alkanes","C6-C9 Alkanes",3,1
"Crescent Park","rotating",16,"heptane","0.73 [0.27]","Heptane",100.21,"Alkanes","C6-C9 Alkanes",3,2
"Crescent Park","rotating",16,"octane","0.22 [0.54]","Octane",114.23,"Alkanes","C6-C9 Alkanes",3,3
"Crescent Park","rotating",16,"nonane","0.35 [0.65]","Nonane",128.25,"Alkanes","C6-C9 Alkanes",3,4
"Crescent Park","rotating",16,"decane","0.43 [0.09]","Decane",149.29,"Alkanes","C10-C12 Alkanes",4,1
"Crescent Park","rotating",16,"undecane","0.42 [0.16]","Undecane",156.31,"Alkanes","C10-C12 Alkanes",4,2
"Crescent Park","rotating",16,"dodecane","0.21 [0.07]","Dodecane",170.34,"Alkanes","C10-C12 Alkanes",4,3
"Crescent Park","rotating",16,"butane_2_methyl","0.42 [0.01]","Isopentane",72.151,"Alkanes","Other Alkanes",5,1
"Crescent Park","rotating",16,"pentane_2_methyl","4.93 [1.84]","Isohexane",86.178,"Alkanes","Other Alkanes",5,2
"Crescent Park","rotating",16,"hexane2methyl","0.59 [0.21]","2-Methylhexane",100.2,"Alkanes","Other Alkanes",5,3
"Crescent Park","rotating",16,"hexane_3_methyl","1.31 [0.28]","3-Methylhexane",100.205,"Alkanes","Other Alkanes",5,4
"Crescent Park","rotating",16,"heptane3methyl","0.46 [0.10]","3-Methylheptane",114.23,"Alkanes","Other Alkanes",5,5
"Crescent Park","rotating",16,"pentane_3_methyl","1.82 [0.67]","3-Methylpentane",86.178,"Alkanes","Other Alkanes",5,6
"Crescent Park","rotating",16,"pentane_2_4_dimethyl","0.29 [0.16]","2,4-Dimethylpentane",100.205,"Alkanes","Other Alkanes",5,7
"Crescent Park","rotating",16,"pentane_2_3_4_trimethyl","0.25 [0.05]","2,3,4-Trimethylpentane",114.232,"Alkanes","Other Alkanes",5,8
"Crescent Park","rotating",16,"cyclohexane_methyl","1.04 [0.25]","Methylcyclohexane",98.189,"Cyclohexanes","Other Alkanes",5,9
"Crescent Park","rotating",16,"x1_hexene","0.14 [0.07]","1-Hexene",84.162,"Alkenes","Alkenes",6,1
"Crescent Park","rotating",16,"x2_pentene_z_cis","0.04 [0.06]","cis-2-Pentene",70.1329,"Alkenes","Alkenes",6,2
"Crescent Park","rotating",16,"x1_3_butadiene_2_methyl","0.01 [0.00]","Isoprene",68.12,"Alkenes","Alkenes",6,3
"Crescent Park","rotating",16,"x2_hexanone","0.01 [0.03]","2-Hexanone",100.161,"Ketones","Ketones",7,1
"Crescent Park","rotating",16,"methyl_isobutyl_ketone","0.04 [0.02]","Methyl isobutyl ketone",100.16,"Ketones","Ketones",7,2
"Crescent Park","rotating",16,"trichloromethane","0.18 [0.02]","Chloroform",119.37,"Chlorinated Compounds","Chlorinated Compounds",8,1
"Crescent Park","rotating",16,"carbon_tetrachloride","2.10 [0.44]","Carbon tetrachloride",153.81,"Chlorinated Compounds","Chlorinated Compounds",8,2
"Crescent Park","rotating",16,"tce","0.18 [0.01]","Tetrachloroethylene",165.83,"Chlorinated Compounds","Chlorinated Compounds",8,3
"Crescent Park","rotating",16,"trichlorofluoromethane","1.02 [0.53]","Trichlorofluoromethane",137.37,"Chlorinated Compounds","Chlorinated Compounds",8,4
"Crescent Park","rotating",16,"benz12chloro","0.17 [0.04]","1,2-dichlorobenzene",147.01,"Benzene Derivatives","Chlorinated Compounds",8,5
"Audenreid School","rotating",18,"benzene","1.56 [0.19]","Benzene",78.11,"BTEX","BTEX",1,1
"Audenreid School","rotating",18,"toluene","3.56 [0.65]","Toluene",92.14,"BTEX","BTEX",1,2
"Audenreid School","rotating",18,"etbenz","1.04 [0.25]","Ethylbenzene",106.17,"BTEX","BTEX",1,3
"Audenreid School","rotating",18,"mpxylene","6.81 [1.18]","(m+p)-Xylenes",106.16,"BTEX","BTEX",1,4
"Audenreid School","rotating",18,"oxylene","1.44 [0.24]","o-Xylene",106.16,"BTEX","BTEX",1,5
"Audenreid School","rotating",18,"xylenes","8.25 [1.42]","Total Xylenes",106.16,"BTEX","BTEX",1,6
"Audenreid School","rotating",18,"benzene_1_4_diethyl","0.18 [0.04]","1,4-Diethylbenzene",134.221,"Benzene Derivatives","Alkylbenzenes",2,1
"Audenreid School","rotating",18,"benzene_1_2_3_trimethyl","0.26 [0.02]","1,2,3-Trimethylbenzene",120.194,"Benzene Derivatives","Alkylbenzenes",2,2
"Audenreid School","rotating",18,"benz1ethyl2methyl","0.22 [0.02]","1-Ethyl-2-Methylbenzene",120.19,"Benzene Derivatives","Alkylbenzenes",2,3
"Audenreid School","rotating",18,"benz1ethyl3methyl","0.62 [0.10]","1-Ethyl-3-Methylbenzene",120.19,"Benzene Derivatives","Alkylbenzenes",2,4
"Audenreid School","rotating",18,"benz1ethyl4methyl","0.23 [0.03]","1-Ethyl-4-Methylbenzene",120.19,"Benzene Derivatives","Alkylbenzenes",2,5
"Audenreid School","rotating",18,"propylbenzene","0.28 [0.05]","Propylbenzene",120.19,"Benzene Derivatives","Alkylbenzenes",2,6
"Audenreid School","rotating",18,"mesitylene","0.66 [0.09]","Mesitylene",120.19,"Benzene Derivatives","Alkylbenzenes",2,7
"Audenreid School","rotating",18,"hexane","2.35 [0.35]","n-Hexane",86.18,"Alkanes","C6-C9 Alkanes",3,1
"Audenreid School","rotating",18,"heptane","1.42 [0.24]","Heptane",100.21,"Alkanes","C6-C9 Alkanes",3,2
"Audenreid School","rotating",18,"octane","0.44 [0.17]","Octane",114.23,"Alkanes","C6-C9 Alkanes",3,3
"Audenreid School","rotating",18,"nonane","0.50 [0.17]","Nonane",128.25,"Alkanes","C6-C9 Alkanes",3,4
"Audenreid School","rotating",18,"decane","0.45 [0.15]","Decane",149.29,"Alkanes","C10-C12 Alkanes",4,1
"Audenreid School","rotating",18,"undecane","0.45 [0.12]","Undecane",156.31,"Alkanes","C10-C12 Alkanes",4,2
"Audenreid School","rotating",18,"dodecane","0.23 [0.08]","Dodecane",170.34,"Alkanes","C10-C12 Alkanes",4,3
"Audenreid School","rotating",18,"butane_2_methyl","0.42 [0.01]","Isopentane",72.151,"Alkanes","Other Alkanes",5,1
"Audenreid School","rotating",18,"pentane_2_methyl","11.13 [2.02]","Isohexane",86.178,"Alkanes","Other Alkanes",5,2
"Audenreid School","rotating",18,"hexane2methyl","1.51 [0.13]","2-Methylhexane",100.2,"Alkanes","Other Alkanes",5,3
"Audenreid School","rotating",18,"hexane_3_methyl","3.27 [0.25]","3-Methylhexane",100.205,"Alkanes","Other Alkanes",5,4
"Audenreid School","rotating",18,"heptane3methyl","1.17 [0.25]","3-Methylheptane",114.23,"Alkanes","Other Alkanes",5,5
"Audenreid School","rotating",18,"pentane_3_methyl","4.11 [1.04]","3-Methylpentane",86.178,"Alkanes","Other Alkanes",5,6
"Audenreid School","rotating",18,"pentane_2_4_dimethyl","0.56 [0.07]","2,4-Dimethylpentane",100.205,"Alkanes","Other Alkanes",5,7
"Audenreid School","rotating",18,"pentane_2_3_4_trimethyl","0.68 [0.05]","2,3,4-Trimethylpentane",114.232,"Alkanes","Other Alkanes",5,8
"Audenreid School","rotating",18,"cyclohexane_methyl","2.40 [0.33]","Methylcyclohexane",98.189,"Cyclohexanes","Other Alkanes",5,9
"Audenreid School","rotating",18,"x1_hexene","0.29 [0.09]","1-Hexene",84.162,"Alkenes","Alkenes",6,1
"Audenreid School","rotating",18,"x2_pentene_z_cis","0.08 [0.03]","cis-2-Pentene",70.1329,"Alkenes","Alkenes",6,2
"Audenreid School","rotating",18,"x1_3_butadiene_2_methyl","0.04 [0.02]","Isoprene",68.12,"Alkenes","Alkenes",6,3
"Audenreid School","rotating",18,"x2_hexanone","0.01 [0.00]","2-Hexanone",100.161,"Ketones","Ketones",7,1
"Audenreid School","rotating",18,"methyl_isobutyl_ketone","0.04 [0.02]","Methyl isobutyl ketone",100.16,"Ketones","Ketones",7,2
"Audenreid School","rotating",18,"trichloromethane","0.21 [0.04]","Chloroform",119.37,"Chlorinated Compounds","Chlorinated Compounds",8,1
"Audenreid School","rotating",18,"carbon_tetrachloride","2.09 [0.28]","Carbon tetrachloride",153.81,"Chlorinated Compounds","Chlorinated Compounds",8,2
"Audenreid School","rotating",18,"tce","0.15 [0.02]","Tetrachloroethylene",165.83,"Chlorinated Compounds","Chlorinated Compounds",8,3
"Audenreid School","rotating",18,"trichlorofluoromethane","0.99 [0.49]","Trichlorofluoromethane",137.37,"Chlorinated Compounds","Chlorinated Compounds",8,4
"Audenreid School","rotating",18,"benz12chloro","0.19 [0.03]","1,2-dichlorobenzene",147.01,"Benzene Derivatives","Chlorinated Compounds",8,5
"Carl Moore Health Center","rotating",19,"benzene","1.44 [0.37]","Benzene",78.11,"BTEX","BTEX",1,1
"Carl Moore Health Center","rotating",19,"toluene","2.79 [0.49]","Toluene",92.14,"BTEX","BTEX",1,2
"Carl Moore Health Center","rotating",19,"etbenz","0.74 [0.10]","Ethylbenzene",106.17,"BTEX","BTEX",1,3
"Carl Moore Health Center","rotating",19,"mpxylene","4.87 [0.72]","(m+p)-Xylenes",106.16,"BTEX","BTEX",1,4
"Carl Moore Health Center","rotating",19,"oxylene","1.00 [0.09]","o-Xylene",106.16,"BTEX","BTEX",1,5
"Carl Moore Health Center","rotating",19,"xylenes","5.87 [0.81]","Total Xylenes",106.16,"BTEX","BTEX",1,6
"Carl Moore Health Center","rotating",19,"benzene_1_4_diethyl","0.14 [0.03]","1,4-Diethylbenzene",134.221,"Benzene Derivatives","Alkylbenzenes",2,1
"Carl Moore Health Center","rotating",19,"benzene_1_2_3_trimethyl","0.19 [0.03]","1,2,3-Trimethylbenzene",120.194,"Benzene Derivatives","Alkylbenzenes",2,2
"Carl Moore Health Center","rotating",19,"benz1ethyl2methyl","0.17 [0.03]","1-Ethyl-2-Methylbenzene",120.19,"Benzene Derivatives","Alkylbenzenes",2,3
"Carl Moore Health Center","rotating",19,"benz1ethyl3methyl","0.44 [0.03]","1-Ethyl-3-Methylbenzene",120.19,"Benzene Derivatives","Alkylbenzenes",2,4
"Carl Moore Health Center","rotating",19,"benz1ethyl4methyl","0.19 [0.02]","1-Ethyl-4-Methylbenzene",120.19,"Benzene Derivatives","Alkylbenzenes",2,5
"Carl Moore Health Center","rotating",19,"propylbenzene","0.22 [0.04]","Propylbenzene",120.19,"Benzene Derivatives","Alkylbenzenes",2,6
"Carl Moore Health Center","rotating",19,"mesitylene","0.51 [0.06]","Mesitylene",120.19,"Benzene Derivatives","Alkylbenzenes",2,7
"Carl Moore Health Center","rotating",19,"hexane","1.47 [0.11]","n-Hexane",86.18,"Alkanes","C6-C9 Alkanes",3,1
"Carl Moore Health Center","rotating",19,"heptane","1.03 [0.08]","Heptane",100.21,"Alkanes","C6-C9 Alkanes",3,2
"Carl Moore Health Center","rotating",19,"octane","0.31 [0.14]","Octane",114.23,"Alkanes","C6-C9 Alkanes",3,3
"Carl Moore Health Center","rotating",19,"nonane","0.45 [0.17]","Nonane",128.25,"Alkanes","C6-C9 Alkanes",3,4
"Carl Moore Health Center","rotating",19,"decane","0.55 [0.24]","Decane",149.29,"Alkanes","C10-C12 Alkanes",4,1
"Carl Moore Health Center","rotating",19,"undecane","0.47 [0.21]","Undecane",156.31,"Alkanes","C10-C12 Alkanes",4,2
"Carl Moore Health Center","rotating",19,"dodecane","0.21 [0.10]","Dodecane",170.34,"Alkanes","C10-C12 Alkanes",4,3
"Carl Moore Health Center","rotating",19,"butane_2_methyl","0.42 [0.01]","Isopentane",72.151,"Alkanes","Other Alkanes",5,1
"Carl Moore Health Center","rotating",19,"pentane_2_methyl","7.89 [1.65]","Isohexane",86.178,"Alkanes","Other Alkanes",5,2
"Carl Moore Health Center","rotating",19,"hexane2methyl","0.95 [0.18]","2-Methylhexane",100.2,"Alkanes","Other Alkanes",5,3
"Carl Moore Health Center","rotating",19,"hexane_3_methyl","2.02 [0.50]","3-Methylhexane",100.205,"Alkanes","Other Alkanes",5,4
"Carl Moore Health Center","rotating",19,"heptane3methyl","0.78 [0.10]","3-Methylheptane",114.23,"Alkanes","Other Alkanes",5,5
"Carl Moore Health Center","rotating",19,"pentane_3_methyl","2.94 [0.73]","3-Methylpentane",86.178,"Alkanes","Other Alkanes",5,6
"Carl Moore Health Center","rotating",19,"pentane_2_4_dimethyl","0.42 [0.06]","2,4-Dimethylpentane",100.205,"Alkanes","Other Alkanes",5,7
"Carl Moore Health Center","rotating",19,"pentane_2_3_4_trimethyl","0.45 [0.03]","2,3,4-Trimethylpentane",114.232,"Alkanes","Other Alkanes",5,8
"Carl Moore Health Center","rotating",19,"cyclohexane_methyl","1.77 [0.52]","Methylcyclohexane",98.189,"Cyclohexanes","Other Alkanes",5,9
"Carl Moore Health Center","rotating",19,"x1_hexene","0.27 [0.04]","1-Hexene",84.162,"Alkenes","Alkenes",6,1
"Carl Moore Health Center","rotating",19,"x2_pentene_z_cis","0.06 [0.06]","cis-2-Pentene",70.1329,"Alkenes","Alkenes",6,2
"Carl Moore Health Center","rotating",19,"x1_3_butadiene_2_methyl","0.03 [0.01]","Isoprene",68.12,"Alkenes","Alkenes",6,3
"Carl Moore Health Center","rotating",19,"x2_hexanone","0.01 [0.00]","2-Hexanone",100.161,"Ketones","Ketones",7,1
"Carl Moore Health Center","rotating",19,"methyl_isobutyl_ketone","0.00 [0.01]","Methyl isobutyl ketone",100.16,"Ketones","Ketones",7,2
"Carl Moore Health Center","rotating",19,"trichloromethane","0.20 [0.05]","Chloroform",119.37,"Chlorinated Compounds","Chlorinated Compounds",8,1
"Carl Moore Health Center","rotating",19,"carbon_tetrachloride","2.10 [0.46]","Carbon tetrachloride",153.81,"Chlorinated Compounds","Chlorinated Compounds",8,2
"Carl Moore Health Center","rotating",19,"tce","0.15 [0.02]","Tetrachloroethylene",165.83,"Chlorinated Compounds","Chlorinated Compounds",8,3
"Carl Moore Health Center","rotating",19,"trichlorofluoromethane","0.97 [0.49]","Trichlorofluoromethane",137.37,"Chlorinated Compounds","Chlorinated Compounds",8,4
"Carl Moore Health Center","rotating",19,"benz12chloro","0.17 [0.04]","1,2-dichlorobenzene",147.01,"Benzene Derivatives","Chlorinated Compounds",8,5
"Vare & New Hope","rotating",20,"benzene","1.41 [0.37]","Benzene",78.11,"BTEX","BTEX",1,1
"Vare & New Hope","rotating",20,"toluene","1.85 [0.56]","Toluene",92.14,"BTEX","BTEX",1,2
"Vare & New Hope","rotating",20,"etbenz","0.48 [0.11]","Ethylbenzene",106.17,"BTEX","BTEX",1,3
"Vare & New Hope","rotating",20,"mpxylene","2.93 [0.48]","(m+p)-Xylenes",106.16,"BTEX","BTEX",1,4
"Vare & New Hope","rotating",20,"oxylene","0.65 [0.09]","o-Xylene",106.16,"BTEX","BTEX",1,5
"Vare & New Hope","rotating",20,"xylenes","3.58 [0.56]","Total Xylenes",106.16,"BTEX","BTEX",1,6
"Vare & New Hope","rotating",20,"benzene_1_4_diethyl","0.07 [0.02]","1,4-Diethylbenzene",134.221,"Benzene Derivatives","Alkylbenzenes",2,1
"Vare & New Hope","rotating",20,"benzene_1_2_3_trimethyl","0.11 [0.03]","1,2,3-Trimethylbenzene",120.194,"Benzene Derivatives","Alkylbenzenes",2,2
"Vare & New Hope","rotating",20,"benz1ethyl2methyl","0.11 [0.02]","1-Ethyl-2-Methylbenzene",120.19,"Benzene Derivatives","Alkylbenzenes",2,3
"Vare & New Hope","rotating",20,"benz1ethyl3methyl","0.26 [0.03]","1-Ethyl-3-Methylbenzene",120.19,"Benzene Derivatives","Alkylbenzenes",2,4
"Vare & New Hope","rotating",20,"benz1ethyl4methyl","0.13 [0.04]","1-Ethyl-4-Methylbenzene",120.19,"Benzene Derivatives","Alkylbenzenes",2,5
"Vare & New Hope","rotating",20,"propylbenzene","0.13 [0.03]","Propylbenzene",120.19,"Benzene Derivatives","Alkylbenzenes",2,6
"Vare & New Hope","rotating",20,"mesitylene","0.32 [0.11]","Mesitylene",120.19,"Benzene Derivatives","Alkylbenzenes",2,7
"Vare & New Hope","rotating",20,"hexane","1.08 [0.29]","n-Hexane",86.18,"Alkanes","C6-C9 Alkanes",3,1
"Vare & New Hope","rotating",20,"heptane","0.73 [0.16]","Heptane",100.21,"Alkanes","C6-C9 Alkanes",3,2
"Vare & New Hope","rotating",20,"octane","0.32 [0.28]","Octane",114.23,"Alkanes","C6-C9 Alkanes",3,3
"Vare & New Hope","rotating",20,"nonane","0.36 [0.58]","Nonane",128.25,"Alkanes","C6-C9 Alkanes",3,4
"Vare & New Hope","rotating",20,"decane","0.29 [0.06]","Decane",149.29,"Alkanes","C10-C12 Alkanes",4,1
"Vare & New Hope","rotating",20,"undecane","0.33 [0.07]","Undecane",156.31,"Alkanes","C10-C12 Alkanes",4,2
"Vare & New Hope","rotating",20,"dodecane","0.10 [0.04]","Dodecane",170.34,"Alkanes","C10-C12 Alkanes",4,3
"Vare & New Hope","rotating",20,"butane_2_methyl","0.35 [0.23]","Isopentane",72.151,"Alkanes","Other Alkanes",5,1
"Vare & New Hope","rotating",20,"pentane_2_methyl","5.76 [2.33]","Isohexane",86.178,"Alkanes","Other Alkanes",5,2
"Vare & New Hope","rotating",20,"hexane2methyl","0.69 [0.23]","2-Methylhexane",100.2,"Alkanes","Other Alkanes",5,3
"Vare & New Hope","rotating",20,"hexane_3_methyl","1.51 [0.54]","3-Methylhexane",100.205,"Alkanes","Other Alkanes",5,4
"Vare & New Hope","rotating",20,"heptane3methyl","0.56 [0.19]","3-Methylheptane",114.23,"Alkanes","Other Alkanes",5,5
"Vare & New Hope","rotating",20,"pentane_3_methyl","1.82 [0.50]","3-Methylpentane",86.178,"Alkanes","Other Alkanes",5,6
"Vare & New Hope","rotating",20,"pentane_2_4_dimethyl","0.26 [0.08]","2,4-Dimethylpentane",100.205,"Alkanes","Other Alkanes",5,7
"Vare & New Hope","rotating",20,"pentane_2_3_4_trimethyl","0.37 [0.15]","2,3,4-Trimethylpentane",114.232,"Alkanes","Other Alkanes",5,8
"Vare & New Hope","rotating",20,"cyclohexane_methyl","1.23 [0.55]","Methylcyclohexane",98.189,"Cyclohexanes","Other Alkanes",5,9
"Vare & New Hope","rotating",20,"x1_hexene","0.20 [0.13]","1-Hexene",84.162,"Alkenes","Alkenes",6,1
"Vare & New Hope","rotating",20,"x2_pentene_z_cis","0.06 [0.02]","cis-2-Pentene",70.1329,"Alkenes","Alkenes",6,2
"Vare & New Hope","rotating",20,"x1_3_butadiene_2_methyl","0.02 [0.03]","Isoprene",68.12,"Alkenes","Alkenes",6,3
"Vare & New Hope","rotating",20,"x2_hexanone","0.01 [0.00]","2-Hexanone",100.161,"Ketones","Ketones",7,1
"Vare & New Hope","rotating",20,"methyl_isobutyl_ketone","0.00 [0.01]","Methyl isobutyl ketone",100.16,"Ketones","Ketones",7,2
"Vare & New Hope","rotating",20,"trichloromethane","0.17 [0.03]","Chloroform",119.37,"Chlorinated Compounds","Chlorinated Compounds",8,1
"Vare & New Hope","rotating",20,"carbon_tetrachloride","1.94 [0.25]","Carbon tetrachloride",153.81,"Chlorinated Compounds","Chlorinated Compounds",8,2
"Vare & New Hope","rotating",20,"tce","0.13 [0.03]","Tetrachloroethylene",165.83,"Chlorinated Compounds","Chlorinated Compounds",8,3
"Vare & New Hope","rotating",20,"trichlorofluoromethane","0.68 [0.41]","Trichlorofluoromethane",137.37,"Chlorinated Compounds","Chlorinated Compounds",8,4
"Vare & New Hope","rotating",20,"benz12chloro","0.17 [0.05]","1,2-dichlorobenzene",147.01,"Benzene Derivatives","Chlorinated Compounds",8,5
"Universal Charter School at Vare","rotating",21,"benzene","1.56 [0.43]","Benzene",78.11,"BTEX","BTEX",1,1
"Universal Charter School at Vare","rotating",21,"toluene","2.15 [0.36]","Toluene",92.14,"BTEX","BTEX",1,2
"Universal Charter School at Vare","rotating",21,"etbenz","0.60 [0.04]","Ethylbenzene",106.17,"BTEX","BTEX",1,3
"Universal Charter School at Vare","rotating",21,"mpxylene","3.78 [1.02]","(m+p)-Xylenes",106.16,"BTEX","BTEX",1,4
"Universal Charter School at Vare","rotating",21,"oxylene","0.83 [0.19]","o-Xylene",106.16,"BTEX","BTEX",1,5
"Universal Charter School at Vare","rotating",21,"xylenes","4.62 [1.21]","Total Xylenes",106.16,"BTEX","BTEX",1,6
"Universal Charter School at Vare","rotating",21,"benzene_1_4_diethyl","0.11 [0.02]","1,4-Diethylbenzene",134.221,"Benzene Derivatives","Alkylbenzenes",2,1
"Universal Charter School at Vare","rotating",21,"benzene_1_2_3_trimethyl","0.16 [0.01]","1,2,3-Trimethylbenzene",120.194,"Benzene Derivatives","Alkylbenzenes",2,2
"Universal Charter School at Vare","rotating",21,"benz1ethyl2methyl","0.13 [0.00]","1-Ethyl-2-Methylbenzene",120.19,"Benzene Derivatives","Alkylbenzenes",2,3
"Universal Charter School at Vare","rotating",21,"benz1ethyl3methyl","0.36 [0.04]","1-Ethyl-3-Methylbenzene",120.19,"Benzene Derivatives","Alkylbenzenes",2,4
"Universal Charter School at Vare","rotating",21,"benz1ethyl4methyl","0.17 [0.04]","1-Ethyl-4-Methylbenzene",120.19,"Benzene Derivatives","Alkylbenzenes",2,5
"Universal Charter School at Vare","rotating",21,"propylbenzene","0.19 [0.03]","Propylbenzene",120.19,"Benzene Derivatives","Alkylbenzenes",2,6
"Universal Charter School at Vare","rotating",21,"mesitylene","0.40 [0.08]","Mesitylene",120.19,"Benzene Derivatives","Alkylbenzenes",2,7
"Universal Charter School at Vare","rotating",21,"hexane","1.34 [0.35]","n-Hexane",86.18,"Alkanes","C6-C9 Alkanes",3,1
"Universal Charter School at Vare","rotating",21,"heptane","0.82 [0.23]","Heptane",100.21,"Alkanes","C6-C9 Alkanes",3,2
"Universal Charter School at Vare","rotating",21,"octane","0.31 [0.11]","Octane",114.23,"Alkanes","C6-C9 Alkanes",3,3
"Universal Charter School at Vare","rotating",21,"nonane","0.41 [0.28]","Nonane",128.25,"Alkanes","C6-C9 Alkanes",3,4
"Universal Charter School at Vare","rotating",21,"decane","0.42 [0.02]","Decane",149.29,"Alkanes","C10-C12 Alkanes",4,1
"Universal Charter School at Vare","rotating",21,"undecane","0.38 [0.02]","Undecane",156.31,"Alkanes","C10-C12 Alkanes",4,2
"Universal Charter School at Vare","rotating",21,"dodecane","0.14 [0.04]","Dodecane",170.34,"Alkanes","C10-C12 Alkanes",4,3
"Universal Charter School at Vare","rotating",21,"butane_2_methyl","0.42 [0.13]","Isopentane",72.151,"Alkanes","Other Alkanes",5,1
"Universal Charter School at Vare","rotating",21,"pentane_2_methyl","6.82 [1.91]","Isohexane",86.178,"Alkanes","Other Alkanes",5,2
"Universal Charter School at Vare","rotating",21,"hexane2methyl","0.81 [0.19]","2-Methylhexane",100.2,"Alkanes","Other Alkanes",5,3
"Universal Charter School at Vare","rotating",21,"hexane_3_methyl","1.80 [0.43]","3-Methylhexane",100.205,"Alkanes","Other Alkanes",5,4
"Universal Charter School at Vare","rotating",21,"heptane3methyl","0.68 [0.18]","3-Methylheptane",114.23,"Alkanes","Other Alkanes",5,5
"Universal Charter School at Vare","rotating",21,"pentane_3_methyl","2.26 [0.47]","3-Methylpentane",86.178,"Alkanes","Other Alkanes",5,6
"Universal Charter School at Vare","rotating",21,"pentane_2_4_dimethyl","0.34 [0.04]","2,4-Dimethylpentane",100.205,"Alkanes","Other Alkanes",5,7
"Universal Charter School at Vare","rotating",21,"pentane_2_3_4_trimethyl","0.49 [0.06]","2,3,4-Trimethylpentane",114.232,"Alkanes","Other Alkanes",5,8
"Universal Charter School at Vare","rotating",21,"cyclohexane_methyl","1.46 [0.39]","Methylcyclohexane",98.189,"Cyclohexanes","Other Alkanes",5,9
"Universal Charter School at Vare","rotating",21,"x1_hexene","0.20 [0.06]","1-Hexene",84.162,"Alkenes","Alkenes",6,1
"Universal Charter School at Vare","rotating",21,"x2_pentene_z_cis","0.05 [0.05]","cis-2-Pentene",70.1329,"Alkenes","Alkenes",6,2
"Universal Charter School at Vare","rotating",21,"x1_3_butadiene_2_methyl","0.01 [0.01]","Isoprene",68.12,"Alkenes","Alkenes",6,3
"Universal Charter School at Vare","rotating",21,"x2_hexanone","0.01 [0.00]","2-Hexanone",100.161,"Ketones","Ketones",7,1
"Universal Charter School at Vare","rotating",21,"methyl_isobutyl_ketone","0.00 [0.00]","Methyl isobutyl ketone",100.16,"Ketones","Ketones",7,2
"Universal Charter School at Vare","rotating",21,"trichloromethane","0.24 [0.14]","Chloroform",119.37,"Chlorinated Compounds","Chlorinated Compounds",8,1
"Universal Charter School at Vare","rotating",21,"carbon_tetrachloride","1.94 [0.39]","Carbon tetrachloride",153.81,"Chlorinated Compounds","Chlorinated Compounds",8,2
"Universal Charter School at Vare","rotating",21,"tce","0.13 [0.03]","Tetrachloroethylene",165.83,"Chlorinated Compounds","Chlorinated Compounds",8,3
"Universal Charter School at Vare","rotating",21,"trichlorofluoromethane","0.68 [0.28]","Trichlorofluoromethane",137.37,"Chlorinated Compounds","Chlorinated Compounds",8,4
"Universal Charter School at Vare","rotating",21,"benz12chloro","0.17 [0.12]","1,2-dichlorobenzene",147.01,"Benzene Derivatives","Chlorinated Compounds",8,5
